Date,M_Index,Oil,Gold,NaturalGas
2015-01-02,,,,
2015-01-05,-0.018059638744832185,-0.060606041671271704,0.015077149308345472,-0.004975119657066318
2015-01-06,-0.009418966314627242,-0.04272020169005719,0.011398960794795743,0.014999985694885254
2015-01-07,0.012461165764721782,0.019125687331695618,-0.005891414149803653,0.00985220749181659
2015-01-08,0.017745026845995993,0.01072393599046828,-0.00420851895976293,-0.019512176967531936
2015-01-09,-0.00801356942882625,-0.016799339258031343,0.011385196369055883,-0.004975119657066318
2015-01-12,-0.00783356721427475,-0.05845320370680862,0.011086435260788896,0.0
2015-01-13,-0.002812692240794501,0.011461306828900009,-0.003373767752371082,0.0
2015-01-14,-0.006037218970945446,0.04249289922391264,-0.0016080097792615655,0.004999995231628418
2015-01-15,-0.009160591119682593,-0.05072467586518947,0.025175902263040006,-0.004975119657066318
2015-01-16,0.013114262658634246,0.058206167652312235,0.013064281211881523,-0.004999995231628418
2015-01-20,0.0021325827772069594,-0.05320109508296189,0.013712049879254229,-0.02512560405862696
2015-01-21,0.005048026748417422,0.017142886207217156,0.00024159749942587183,0.0051546341073744895
2015-01-22,0.014871007707461636,-0.019662924358270106,0.008049585228834255,-0.07179492383626973
2015-01-23,-0.005482798880874107,-0.029608444289435654,-0.007985306821000182,-0.005524856784194343
2015-01-26,0.0023417852596987476,-0.00885828286806667,-0.00998152990144674,-0.1055555239135828
2015-01-27,-0.013190515917899215,0.02482621723697709,0.011464376669647391,0.043478219019153386
2015-01-28,-0.01282433675184691,-0.04554257047025012,-0.00787784039319106,-0.029761877307950435
2015-01-29,0.009243560053749711,0.00710656772723639,-0.021552390797103027,-0.018404890477013436
2015-01-30,-0.012574921906261527,0.07661292570934819,0.022275544587827323,-0.1250000279396768
2015-02-02,0.012384062464258161,0.055243458401584844,-0.008343449208254805,0.05000003831727229
2015-02-03,0.014461163804598387,0.05856253953898016,-0.011190942147351168,0.02721085787382216
2015-02-04,-0.003807844138066896,-0.07292538669773851,0.0043783458565487265,-0.033112551411966895
2015-02-05,0.010095058234048215,0.04792040803462827,0.0017272502164005221,-0.04794524015282309
2015-02-06,-0.0027653409612474755,0.025021566698450348,-0.025864204796777424,0.050359750483805366
2015-02-09,-0.004475787668627107,0.019360230641475296,0.004467285755423989,-0.02054800672275059
2015-02-10,0.010653338336328977,-0.04954578404670562,-0.005873936049321848,0.020979085104515294
2015-02-11,0.0005802191315895655,-0.025195478374130276,-0.011817350480741395,0.0273972334300725
2015-02-12,0.009616805507174586,0.040106933917596344,0.0023062837940568404,-0.03333330154418945
2015-02-13,0.004116411152062627,0.029134545875330042,0.005454295543013465,-0.00689654492027858
2015-02-17,0.0015730852939983553,0.009991663886109281,-0.01669775525216033,0.020833312637276835
2015-02-18,9.52085688583626e-05,-0.031327296855382825,0.002844532329830063,-0.020408143405366563
2015-02-19,-0.0007138873639540577,-0.01106383952688661,-0.0034381460295276334,0.013888875091518038
2015-02-20,0.006000618112498302,-0.024956967703022914,-0.005692631086866906,0.061643775217663066
2015-02-23,-0.0001420127746486477,-0.033539286584268524,0.0013011929863573357,-0.032258034744817476
2015-02-24,0.002840731147456532,-0.004566227543908896,-0.0014727381832787545,0.03333330154418945
2015-02-25,-0.0008497836639248524,0.03761475370966205,0.0038174111040851777,-0.012903213897927035
2015-02-26,-0.0011813069708070945,-0.0380194773848076,0.0031979494930112207,-0.05882347441324487
2015-02-27,-0.003406193604273411,0.006433795412493559,0.0007754283408443197,0.013888875091518038
2015-03-02,0.00631349951549387,0.010958893849253526,-0.004132260173905,0.006849308357518069
2015-03-03,-0.004104016007512312,0.009936821443905952,-0.0018153447779967191,-0.027210938968575293
2015-03-04,-0.004215609180714619,0.03130585136329356,-0.0031176981600916642,0.020979085104515294
2015-03-05,0.0010940921419519967,-0.0164787150722977,-0.0009556129768769628,0.02054792507255443
2015-03-06,-0.014064461747791746,-0.027336897305592522,-0.02730434251868208,-0.040268497721342444
2015-03-09,0.004144581254706292,0.006346387143536081,0.000983377523255502,0.006993083943600098
2015-03-10,-0.01622194698076118,-0.02792796477144377,-0.004912057209624399,-0.006944520329984494
2015-03-11,-0.002341671077879637,-0.008341070704919074,-0.006013266738071565,0.013986084524057807
2015-03-12,0.012713966276360011,-0.024299087244534445,-0.0002708693390236494,-0.02068971697413624
2015-03-13,-0.006132323684366003,-0.03927201761410959,0.001445050857576513,-0.0352112350897088
2015-03-16,0.013360540132809184,-0.03290128938102166,-0.0006313103946443688,-0.02189778925938224
2015-03-17,-0.002972457147112695,-0.026804147834466163,-0.005414660114975933,0.04477607558580465
2015-03-18,0.012021542216238412,0.058262734659203286,0.019598980855210835,0.02142855135761934
2015-03-19,-0.004561468608011432,-0.04204205064230304,-0.0007119500676271429,-0.05594400464366045
2015-03-20,0.0043436928978968226,0.02298853438289994,0.011399045051747603,0.037037001061669184
2015-03-23,-0.00194859395928626,0.022471937475591952,0.006339713151693793,-0.04999995316777828
2015-03-24,-0.005619012741815421,0.004995023935224108,0.002449897428068226,0.015037579158775127
2015-03-25,-0.01465382966217299,0.03578525265021426,0.001396558108890389,-0.014814800424667651
2015-03-26,-0.002381367843391491,0.04990398275258956,0.00653708688272836,-0.04511282710736697
2015-03-27,0.00228967316666151,-0.06307126205201607,-0.0036370435238182175,-0.03149603342816265
2015-03-30,0.01219983688062709,0.001951264172065592,-0.01138534318086215,0.024390220263873053
2015-03-31,-0.008739530968637443,-0.021421641404358316,-0.0007911765968406925,-0.04761900256640572
2015-04-01,-0.0035362871357825787,0.04577114720565367,0.017068403567705115,0.00833332505491069
2015-04-02,0.0035974988047775547,0.0,-0.0027681634865752702,0.03305781867105084
2015-04-06,0.00673318820582236,0.05042813714834504,0.012231121417765056,-0.02399997711181645
2015-04-07,-0.0026464083477462097,0.03894930313963574,-0.004970450072155241,0.00819671330225158
2015-04-08,0.003377059785626191,-0.05754139773730593,-0.00551200918339656,-0.008130073421291018
2015-04-09,0.004423493546708901,-0.0018501810349033088,-0.006928232816320268,-0.049180377526039876
2015-04-10,0.005457153771930345,0.02224279628977377,0.011336906536289382,-0.017241363363798556
2015-04-13,-0.004522933625064618,0.004533108970565136,-0.007157039081814864,-0.026315764707210976
2015-04-14,0.0019130956156649948,0.018953072165431184,-0.006079528851422933,0.0
2015-04-15,0.00448702638774745,0.053144409521437064,0.008650802539753588,0.06306300210871574
2015-04-16,-0.0002851188551158401,0.015979779217584422,-0.0034653168571547877,0.06779664955205078
2015-04-17,-0.011503532942505612,-0.005794676760456752,0.004955226470251928,0.0
2015-04-20,0.009136855893998153,0.0033305546287030197,-0.007612433088526105,-0.05555550299414003
2015-04-21,-0.0011913271037823359,-0.02406638649483228,0.005753103431764384,0.0168067058527952
2015-04-22,0.0049141161703409875,-0.006802714468455484,-0.013433831333510171,0.0
2015-04-23,0.0025162548877675217,0.022260211336835756,0.007291591124513719,0.01652890933552542
2015-04-24,0.0023204689613429696,-0.0025125405381486443,-0.01404151891618688,-0.03252029368516418
2015-04-27,-0.004157758797072475,-0.0092359074799776,0.02016805588455428,0.0
2015-04-28,0.0031788117633626545,0.004237304231073047,0.008670770693864016,-0.016806806028663912
2015-04-29,-0.0041146193111144536,0.028691914596495893,-0.007048909841977813,0.02564110401662978
2015-04-30,-0.010020423312721571,0.02214934102197752,-0.017660816187341055,0.058333275384375494
2015-05-01,0.010841381723344146,-0.0056179530184519155,-0.0034370263986326366,0.007874008357040552
2015-05-04,0.0028474093585790783,-0.008071055585048392,0.009020132884241638,0.04687504947651289
2015-05-05,-0.011451889758935407,0.028478468881700136,0.0028045547686559313,-0.014925358528601551
2015-05-06,-0.004116805339772878,0.003955635735956253,-0.0005243625201353241,0.00757575004991895
2015-05-07,0.0039896263114809205,-0.03309685866884349,-0.00821967852736405,-0.03759403752797941
2015-05-08,0.013166084474972584,0.010594878232816018,0.004849259924502469,0.06250003492459744
2015-05-11,-0.004772679945846514,-0.0024193333785559323,-0.0038606864674344266,-0.007352934086817808
2015-05-12,-0.002991334129370582,0.021018612068490317,0.00854400802548061,0.029629600849335302
2015-05-13,0.00019053503065014077,-0.00712590275315883,0.01790395678391099,-0.007194237817389371
2015-05-14,0.010427589738380982,-0.004784722472027214,0.005405381698172951,0.06521741571708839
2015-05-15,0.0010838118856910661,0.0,0.002986844796122101,-0.006802714468455484
2015-05-18,0.003106776758258656,-0.004006349270393228,-8.510283616403047e-05,0.0
2015-05-19,-0.00032851864013905274,-0.0442478018689868,-0.013869956602948319,-0.01369861671503625
2015-05-20,-0.0007040975324783538,0.011784540570212165,0.0016395067944336983,-0.03472227051302046
2015-05-21,0.0029124159290057072,0.03577365516851794,-0.003359746584222556,0.007194237817389482
2015-05-22,-0.0023887330530957263,-0.013654624811113125,-0.0007779753253159827,0.007142850452539706
2015-05-26,-0.010751718324151005,-0.029315933591648635,-0.014619332476808355,-0.0567375358864356
2015-05-27,0.009492169098091141,-0.01258386053441285,-0.00017561471177085508,0.0
2015-05-28,-0.001128303891952509,0.004248023374337828,0.0011414281685366845,-0.06766919584552955
2015-05-29,-0.006212968476445924,0.04483931474867853,0.0007016473724792416,-0.032258033504347416
2015-06-01,0.0020366010031891424,0.0016193929936523244,-0.0008764108278561666,0.0
2015-06-02,-0.0009926109873662492,0.020210186120684925,0.004035079688356591,-0.0083333250549108
2015-06-03,0.0026494963899348356,-0.029318533194478746,-0.007164072177032299,0.0084033529263976
2015-06-04,-0.008446552008299912,-0.027755114496970656,-0.007039801619628361,0.00833332505491069
2015-06-05,-0.0017132280111654685,0.01343407636120797,-0.005317250031845466,-0.049586826526647365
2015-06-08,-0.0061496330202022165,-0.012427474923184523,0.002940144666210953,0.026086932184114398
2015-06-09,-0.00014389284301441485,0.030201313286331244,0.002220840372015198,0.08474578668385702
2015-06-10,0.011993283936678312,0.022801359343169958,0.008509121495031247,0.01562498544808455
2015-06-11,0.00322355034087618,-0.008758010085712975,-0.004570193783136389,0.0
2015-06-12,-0.007654918199683558,-0.011244931067729946,-0.0002648664906503839,-0.04615380383101986
2015-06-15,-0.004285481262917168,-0.006498852530734678,0.004415790737229308,0.0645161631452178
2015-06-16,0.005451673216589459,0.0065413638900058135,-0.003605061549348698,-0.007575840359983155
2015-06-17,0.0016171050553657196,-0.004874120030173623,0.004677010066397758,0.0
2015-06-18,0.010399365969371077,0.008979563810387337,0.012911736850284239,-0.03816790419867877
2015-06-19,-0.009258394736370357,-0.01699029482039871,-0.0017342780850801987,-0.007936500427734305
2015-06-22,0.005123105372431436,0.006584356067307562,-0.01285617895780966,-0.039999961853027344
2015-06-23,0.0007078856808553358,0.017988575246387972,-0.006599788842205134,0.0
2015-06-24,-0.007262749174183902,-0.015261010706353995,-0.0026574812063053788,0.00833332505491069
2015-06-25,-0.003040377147973561,-0.011419277382470505,-0.0013322133525454083,0.049586728006576486
2015-06-26,-0.00019057126663724056,-0.0008251014006815938,0.001067192410014739,-0.047244050142243865
2015-06-29,-0.02097039844477,-0.026424418158243035,0.0045309359212182265,0.03305781867105084
2015-06-30,0.0020933109648684223,0.02205260642265272,-0.006190828249150737,0.015999984741210893
2015-07-01,0.008015515412006513,-0.04564316863312201,-0.0034706717105629226,-0.03149603342816265
2015-07-02,-0.0009156744164157127,-0.007826100225033938,-0.0019646473844252554,0.03252029368516429
2015-07-06,-0.0028459618196844394,-0.07011395279872068,0.002684282539629823,-0.047244050142243865
2015-07-07,0.006288714416027297,0.0,-0.011600887477117294,-0.049586826526647365
2015-07-08,-0.016777259020689717,-0.024505116269621485,0.002979362543296782,0.0
2015-07-09,0.0018090017082861287,0.018357446703429092,0.0024305003273175085,0.008695644061371466
2015-07-10,0.012591517364115123,0.0009487883223937565,0.0011673603870820948,0.02586214781232954
2015-07-13,0.011037249817226202,-0.01042659794908496,-0.00448470723455352,0.06722682341118058
2015-07-14,0.004338029197627158,0.014367871478313088,-0.002252455219495131,-0.03149603342816265
2015-07-15,-0.00033221980189357403,-0.03021715677180803,-0.005237440968471563,0.04065036710645531
2015-07-16,0.00802432190545832,-0.015579434659661828,-0.0036310957932229604,-0.015624985448084439
2015-07-17,0.0008478222948369307,0.0,-0.010112979124889843,0.0
2015-07-20,0.0005176986660551108,-0.018793233119232977,-0.027151445340146352,-0.007936500427734305
2015-07-21,-0.003951250540291329,0.013104850145271962,-0.003121988752958438,0.015999984741210893
2015-07-22,-0.0017945921266233622,-0.03582095557405551,-0.005409506310776968,0.007874008357040552
2015-07-23,-0.005629949703819026,-0.012383889654857483,-0.004484744341763047,-0.046874956344253316
2015-07-24,-0.010372027556133978,-0.009404404959026835,0.009776637833459612,-0.01639342660450327
2015-07-27,-0.005817339970515367,-0.027426085206981532,-0.00465114258060384,0.0166666501098216
2015-07-28,0.012283034128287351,0.013015171592587471,0.0015258061394580746,0.0
2015-07-29,0.006879102034157647,0.02783728315141376,0.0014283139466164663,0.02459013990675496
2015-07-30,0.00023723988586721312,-0.0083333250549108,-0.008557588110186587,-0.056000041961669966
2015-07-31,-0.001517917242677136,-0.03676474418489095,0.006329756242044127,-0.008474568565903118
2015-08-03,-0.003372953510057952,-0.037077442721821785,-0.007910052688847147,-0.008547000709448138
2015-08-04,-0.001954280072649306,0.009060014088027035,0.0020172823011603835,0.043103511176128206
2015-08-05,0.0032954552742150423,-0.01346800085456068,-0.0036429610038530846,0.0
2015-08-06,-0.008187752466959797,-0.012514181701322458,0.004426047177157111,0.0
2015-08-07,-0.0019198902978418975,-0.02534565199238814,0.002490680503407061,0.008264454667762822
2015-08-10,0.012599232577188646,0.02482269943263149,0.010224554985406531,0.02459013990675496
2015-08-11,-0.009023170865677721,-0.031141921036647258,0.005107840610028225,0.007999992370605558
2015-08-12,0.0011980639392041859,-0.0035713969444727267,0.014022189288677822,0.03174600171093722
2015-08-13,-0.0012444692184311323,-0.029868578664060674,-0.00825985512434746,-0.06153840510802655
2015-08-14,0.0036422625011864884,-0.0086206521934451,-9.360037594363657e-05,0.0
2015-08-17,0.005586850249141184,-0.008695673292274386,0.0026204846354274114,-0.040983664223788296
2015-08-18,-0.002896626719974038,0.01253131634004423,-0.00018665773900006233,-0.017094001418896276
2015-08-19,-0.007905459744242727,-0.051980207952935675,0.013444145581183786,0.01739128812274293
2015-08-20,-0.020881364970122607,-0.005221927238881263,0.017411325071518213,0.01709410330718164
2015-08-21,-0.030102462876414493,-0.015748016714081325,0.006247689213677798,-0.04201686480785671
2015-08-24,-0.04210686829072796,-0.06533330281575522,-0.005399068558895714,-0.026315764707210976
2015-08-25,-0.01176778748041718,0.021397947736472522,-0.01239478089494117,0.0
2015-08-26,0.038393775176858824,0.00418997352621342,-0.013649738394807875,0.0
2015-08-27,0.024735150635221803,0.10987481996744641,0.0005573064828525709,-0.009009000301245074
2015-08-28,5.015560105214867e-05,0.07268175428031554,0.009003931691107248,0.04545450112051319
2015-08-31,-0.008079087817210562,0.07242988962223018,0.001103981140304633,-0.05217386436822857
2015-09-01,-0.029847695407179353,-0.07734204951460266,0.0034919799162251852,0.0
2015-09-02,0.018981067469117097,0.018890182097743402,-0.005311302361437398,-0.009174302896359121
2015-09-03,0.0007164392151106647,0.022016173564745056,-0.00718105679403469,0.046296250305059905
2015-09-04,-0.015136827755935833,-0.022675716120772793,-0.0032455349221680585,-0.026548647359614486
2015-09-08,0.025131088996954265,0.00116011937524374,0.000279084378947525,0.027272700672307915
2015-09-09,-0.013371825394249193,-0.03592125324517248,-0.012927822107945297,-0.05309729471922886
2015-09-10,0.005441823779036348,0.0252403901261693,0.0023556016816155267,0.01869157004308586
2015-09-11,0.004544290844586518,-0.021101917600971243,-0.002067997715628156,0.009174302896359121
2015-09-14,-0.0037105365759151354,-0.015568875269684201,0.0005651616100608159,0.027272700672307915
2015-09-15,0.012499424905324519,0.025547449066309902,-0.0030126124190049675,-0.008849549119871458
2015-09-16,0.008666662822368387,0.0533807583599788,0.013314409937664529,-0.017857125751218117
2015-09-17,-0.0022479616580415307,-0.009009000301245074,0.010250732723341871,-0.018181800448205276
2015-09-18,-0.021428923400846678,-0.035227319647456956,0.007379350570420495,-0.027777860562003376
2015-09-21,0.0051676120818382465,0.025912870784428055,-0.0062265388780913256,-0.028571402621105912
2015-09-22,-0.01297975651335359,-0.009184836206163172,-0.00681837162160448,0.00980391240220757
2015-09-23,-0.0015986671793061236,-0.03012748846280633,0.003989241131120869,-0.009708728874782357
2015-09-24,-0.0036157654181940835,0.0035841975366033285,0.020975758801157207,0.00980391240220757
2015-09-25,-0.00025913838543500933,0.004761900436850874,-0.006154405994415857,-0.019417457749564604
2015-09-28,-0.0250972851620328,-0.017772467534111103,-0.012658222571280353,0.009900980750178201
2015-09-29,0.0005850785254268853,0.006031386123636073,-0.004058244045771819,-0.05882353284917219
2015-09-30,0.018658355606688604,0.014388475223450214,-0.010372316278596583,-0.031249970896168877
2015-10-01,0.0026091947360005197,-0.005910188003476091,-0.001216519302596475,-0.05376345326492771
2015-10-02,0.014937776735799435,0.010701564116625484,0.021174875253005654,0.0
2015-10-05,0.017794878054887775,0.017647013944738,-0.002018545050144094,0.02272725117600638
2015-10-06,-0.003426250468019698,0.05202321188262826,0.010021182319808863,0.011111167036458314
2015-10-07,0.008190557818731348,-0.012087978652787323,-0.0014564323795780432,0.010989000192372256
2015-10-08,0.009026643692398917,0.036707445173272735,-0.005104809244962594,-0.010869554654186486
2015-10-09,0.0005963675422870907,-0.0021458696077492068,0.015851231139897504,0.021978000384744734
2015-10-12,0.0009437363516526798,-0.050537662084894075,0.00396856499604703,0.010752677834782398
2015-10-13,-0.0063021250770908255,-0.01812002817605407,0.00494118285707712,-0.03191486326155479
2015-10-14,-0.004794041018063355,0.00807378249229962,0.017432477539802038,0.03296700057711699
2015-10-15,0.015354573337705846,0.0011441909775424808,-0.004568989141737645,-0.02127657550770312
2015-10-16,0.004546568525798156,0.007999965122767794,-0.0070615504042084165,-0.021739174096029212
2015-10-19,0.0004919114607413455,-0.019274385734242783,-0.004178160099818973,-0.02222220161814692
2015-10-20,-0.0012784310029909651,-0.002312081499577401,0.006338214025568112,0.034090944496560915
2015-10-21,-0.006203507966371036,-0.015063744231403109,-0.008870752862782494,-0.05494506646146946
2015-10-22,0.016893675007230602,0.0011764975155101887,-0.0003580140904458906,-0.011627895694091173
2015-10-23,0.010961707396543119,-0.008225692904327064,-0.0017011588974217284,-0.04705884745376676
2015-10-26,-0.0024576864745622373,-0.017772467534111103,-0.0006277999535804213,-0.09876541120398075
2015-10-27,-0.0019323376641757761,-0.014475257673253195,0.0022435609738429285,0.0
2015-10-28,0.011374592329630007,0.048959561174413135,-0.008058752895948817,-0.0684931652253774
2015-10-29,-0.0005742767118451786,-0.008167992685751746,-0.009568492239339532,0.0
2015-10-30,-0.004309769417143228,0.010588253245634283,-0.0038279088978543374,0.014705868173635617
2015-11-02,0.01183093733717877,-0.0034924019136546303,-0.00649594413580179,0.028985479703797834
2015-11-03,0.0028993802562917725,0.0327102475754002,-0.014826347133739204,-0.014084494035883521
2015-11-04,-0.00303317246278878,-0.019230777529362197,-0.009441036684777915,0.0
2015-11-05,-0.00099832056121818,-0.01614767498163594,-0.0031141061362016664,0.07142858967489163
2015-11-06,-0.0005234385607726377,-0.014067982334775908,-0.014577820185771806,-0.039999961853027344
2015-11-09,-0.009331515510039412,-0.010701564116625373,0.0028818737382825255,-0.055555583150297405
2015-11-10,0.0023067845218915917,-0.006009523905589953,-0.0021072913552456773,0.014705868173635617
2015-11-11,-0.00393168428763202,-0.02055623541524154,-0.0033595553186392957,0.0
2015-11-12,-0.013959801090738244,-0.029629658845988227,0.00019259022164841433,-0.028985479703797723
2015-11-13,-0.011228290826386655,-0.027989855380631035,-0.0027924980239610875,0.059701434114406204
2015-11-16,0.015206882261043164,0.02879584697296722,0.001448450457852024,0.0
2015-11-17,-0.0007294713551514453,-0.02926208844358469,-0.013209938855231806,0.042253566057856906
2015-11-18,0.015866036343350487,-0.002621229439913164,0.0008794603332600293,-0.05405408235428677
2015-11-19,-0.0008623229984453529,-0.006570327182342961,0.011031897393842582,-0.057142803620318094
2015-11-20,0.0036441836284573093,-0.002645500142578139,-0.004538443721352925,-0.06060609070941536
2015-11-23,-0.0011465779808621512,0.006631325064698768,-0.008051161423458963,-0.032258033504347416
2015-11-24,0.001339258475572036,0.026350435473567746,0.0066497192545516,0.04999995032946458
2015-11-25,-0.0001432948575221804,0.0038511180943847645,-0.004662942933256753,-0.04761900256640572
2015-11-27,0.001146523151049239,-0.024296681975659484,-0.011809477798990442,-0.050000049670535285
2015-11-30,-0.004151532388447565,-0.014416793167042363,0.006617265866126543,-0.03508768627628134
2015-12-01,0.009535628018087383,-0.003989389612292671,0.003532188155604299,-0.018181800448205276
2015-12-02,-0.01020502169749471,-0.033377838136125604,-0.015545525585325515,-0.05555561074503923
2015-12-03,-0.014002772675579256,0.026243102655666872,0.010626672647533919,0.0
2015-12-04,0.01950291568956919,-0.028263801211140693,0.022209065049059173,-0.01960782480441492
2015-12-07,-0.006058529926793899,-0.06786700628216458,-0.012978259158702654,-0.07999998331069946
2015-12-08,-0.006719506187956914,-0.0029717653595588978,0.0016557725915762322,-0.021739174096029212
2015-12-09,-0.0077796599859540905,-0.010432216283669082,-0.00194473896697811,-0.04444440323629384
2015-12-10,0.002581079130949071,-0.021084317665761465,-0.0008768154562138752,0.023255791388182345
2015-12-11,-0.0193811158935705,-0.015384600712702867,0.005460726883753653,-0.02272725117600638
2015-12-14,0.00505245189717507,-0.001562535739503268,-0.012801859053540698,-0.18604653902863555
2015-12-15,0.010497806539605747,0.018779399828413146,-0.002652561843328849,-0.11428569239013009
2015-12-16,0.014632005159544104,-0.0384024564071237,0.012115872710852793,0.25806446030782526
2015-12-17,-0.01523817808751915,-0.019169386263373167,-0.021897810218978075,0.25641032694830024
2015-12-18,-0.02362587290574314,-0.003257325954627577,0.0153233921943019,0.10204083866896263
2015-12-21,0.008249144391762053,-0.00653594160147164,0.010878092908588544,0.2962962227103181
2015-12-22,0.009074239339862622,0.018092127449790052,-0.005235103320787249,-0.014285700905079524
2015-12-23,0.012383313378186322,0.05169631158373034,-0.0029237213719258692,-0.10144926534683552
2015-12-24,-0.0016503814660153715,0.0,0.007232973422174549,0.11290321340173892
2015-12-28,-0.002285034902033023,-0.0245776219084326,-0.0075692031595538944,0.14492757128607558
2015-12-29,0.010671931733186701,0.020472459274539112,-0.000684459735229348,0.025316430864913864
2015-12-30,-0.007087759228367241,-0.03549382999945916,-0.007632082217105096,-0.1481481535989616
2015-12-31,-0.010003387713595657,-0.003199996948242134,0.0003944085609299819,0.04347830593924007
2016-01-04,-0.013979452165525097,0.004815442972151196,0.014094227459880093,0.027777750183035854
2016-01-05,0.001691355739052769,-0.022364271278590753,0.0028185529910356166,0.054054001807470664
2016-01-06,-0.012614189900842843,-0.03921564960882995,0.014440762350867997,-0.11538458599376378
2016-01-07,-0.02399157075113889,-0.01700678617113882,0.014139709399294764,0.0724637856430379
2016-01-08,-0.010976577424965939,-0.019031164277077406,-0.004427708091822691,0.02702700090373522
2016-01-11,0.0009900085619998222,-0.05643741928669199,-0.008894799760520211,-0.07894737254879813
2016-01-12,0.008068310066281281,0.00934583021049562,-0.005060137388834152,0.057142888769811995
2016-01-13,-0.024940626560566947,-0.016666694629339007,0.004893984653210337,-0.12162166516044115
2016-01-14,0.01641683426715268,0.03389827312209004,-0.016233809757639994,-0.04615380383101986
2016-01-15,-0.021466134915907764,0.021857990418786333,0.010289314914859515,-0.0483871463930442
2016-01-19,0.0013311325448583933,-0.005347630854610319,-0.000960784707550344,-0.03389827426361236
2016-01-20,-0.01281507866317233,-0.012544748347904533,0.013367949074563512,-0.15789474509759638
2016-01-21,0.00560198534400036,-0.17059891436905017,0.001138797703897687,0.0208333760189523
2016-01-22,0.020515302270975866,0.056892722599211076,-0.004644969889963546,0.020408143405366452
2016-01-25,-0.01511654848954247,-0.06625252585484165,0.010285731724330338,-0.12000000476837158
2016-01-26,0.013643133483909997,0.03325933723233154,0.011406476843766722,0.0
2016-01-27,-0.010883239214735552,0.027897021179756454,0.0037282274439893737,0.0
2016-01-28,0.005209141030690478,0.06263052048518336,-0.010678814187088714,0.11363639134513459
2016-01-29,0.024377349666716785,0.005893856988577584,0.0038482826092700595,0.08163257362146625
2016-02-01,-0.00036138407896757485,-0.0507812027062744,0.01028523735300313,-0.0754716302118642
2016-02-02,-0.01802215514781047,-0.045267543412539024,0.00037013683482878257,0.0
2016-02-03,0.00599494829456404,0.0732758970627756,0.010731831819877025,0.06122443021609958
2016-02-04,0.0015682333872031329,-0.01807231972754786,0.012082377069329242,0.0
2016-02-05,-0.01905015156054557,-0.016359903045058743,0.015827077912906162,0.0192307515962582
2016-02-08,-0.013461020592586581,-0.02079000121043284,0.013443751249405,-0.03773581510593205
2016-02-09,5.3901989724103316e-05,-0.042462804170978585,-0.002196257541759894,0.01960782480441492
2016-02-10,-0.0008627967946913673,-0.008869276421323513,0.007747818623272451,-0.05769225478877493
2016-02-11,-0.013008061782981306,0.0022371877743214696,0.0401886992042193,-0.04081634763179798
2016-02-12,0.020616888657319254,0.013392844313413477,-0.005879363032051943,0.042553214424603025
2016-02-16,0.016878282237962283,0.013215846538256804,-0.030331226332987904,-0.020408204226431526
2016-02-17,0.016334735606784,0.05217396802848251,0.00618634429410414,0.0
2016-02-18,-0.00409585506492427,-0.030991754264145688,0.02433319602449635,-0.0416666278615585
2016-02-19,-0.00046851132076819457,-0.012793164615673813,-0.006002190201855551,-0.06521739271277516
2016-02-22,0.01447916030883789,0.034557201610659005,-0.01777516528948675,0.0
2016-02-23,-0.01262958964213523,-0.03549062163837269,0.014979681261872324,-0.0697674434722727
2016-02-24,0.004575653028860094,0.03246755391407974,0.003327072049028157,0.04999995157122683
2016-02-25,0.012111782478534394,0.008385736271063537,0.0026358095143692584,-0.07142857649699375
2016-02-26,-0.002301303895330009,-0.014553050414575663,-0.006869043174790868,-0.05128200425668883
2016-02-29,-0.007842528105064694,0.016877722448569,0.013064629590324062,-0.027027000903735332
2016-03-01,0.02350693898092482,0.018672131233495648,-0.0073331317520045625,0.1388888336994052
2016-03-02,0.004492450592632702,0.014256654549240189,0.007726956678680841,0.04878051439826536
2016-03-03,0.003919591855763294,-0.002008078081031095,0.017273365743903035,-0.023255860695907793
2016-03-04,0.003253548405526052,0.04024150795680059,-0.0015737798071993048,0.04761907465063331
2016-03-07,0.000798301990502015,0.05222436691336774,0.004977588099916774,0.02272725117600638
2016-03-08,-0.010917804882538684,-0.031250013695920065,-0.0046227304062674834,0.2000000794728618
2016-03-09,0.004939571655629527,0.030360502465121453,-0.00829324916913754,-0.03703711062301529
2016-03-10,0.0008024295285495864,-0.005524812876535612,0.016056181130168712,-0.09615381529345202
2016-03-11,0.016137122025887685,0.01481480042466754,-0.01720161594971703,0.10638294094771261
2016-03-14,-0.0012822771448002257,-0.014598526172921567,-0.012896749587957723,-0.01923075159625831
2016-03-15,-0.0016296386718750444,-0.027777794947839718,0.000763521980092996,0.0
2016-03-16,0.0057871997800960084,0.04000000726608999,0.02229567034444102,0.0
2016-03-17,0.006344096430385804,0.03296700129689234,-0.003814570847019083,-0.03921564960882995
2016-03-18,-0.0012217172166084644,0.0035460959929021207,-0.002746975852867317,0.020408143405366452
2016-03-21,0.0014188926470526386,0.005300390568396596,-0.007011719080860512,-0.06000000238418579
2016-03-22,-0.000537453517055142,-0.005272444553015454,0.0029421526295789757,0.02127657550770312
2016-03-23,-0.006599486022871526,-0.053003484449716476,-0.02263009809313088,0.0208333760189523
2016-03-24,-0.00044294864281180235,-0.011194018896451219,-0.0024011557999427113,0.06122443021609958
2016-03-28,0.0005908348703302924,-0.005660416741266161,0.0023209545157449885,-0.05769225478877493
2016-03-29,0.009250096305900124,-0.018975314040700852,0.01852490300494103,-0.020408204226431526
2016-03-30,0.004387720245211835,-0.009671216633850732,-0.013977800877817192,0.04166668994973155
2016-03-31,-0.002426948789588157,0.0,0.004611451089358232,-0.019999980926513672
2016-04-01,0.0068119592612911894,-0.033203140643309204,-0.006035354370591106,0.020408143405366452
2016-04-04,-0.0032379575433703067,-0.016161601371441514,-0.006670647201412416,0.019999980926513672
2016-04-05,-0.009987866950757596,0.0020534351369265735,0.013000448699038714,0.0
2016-04-06,0.010921179787825253,0.05942622029758948,-0.006119337058417829,-0.01960782480441492
2016-04-07,-0.011965900797467954,-0.01353968484107948,0.01428081181871077,0.019999980926513672
2016-04-08,0.0026967544005278565,0.039215743106313594,-0.0015175811841288134,-0.07843135765358711
2016-04-11,-0.002347167371829162,0.015094324684347349,0.013510077429689682,0.042553214424603025
2016-04-12,0.009312782358081861,0.04460962193550144,0.0001666606070513943,-0.020408204226431526
2016-04-13,0.010101019082897178,0.0,-0.010662277185778612,0.0
2016-04-14,4.805051363421242e-05,0.0,-0.01397656040779005,0.0
2016-04-15,-0.0011056955608520491,-0.026690408971869473,0.006916553277877435,0.0
2016-04-18,0.007026695170106345,-0.021937822698687492,-0.0015264612277036127,-0.02083331393077925
2016-04-19,0.0031542170999507846,0.028037401503044235,0.015627688132066497,-0.02127657550770312
2016-04-20,0.0009528928673046,0.03818182511763135,-0.005101192515562847,0.021739109308372973
2016-04-21,-0.005378414326441039,-0.005253977164260348,0.0037824404776409803,-0.02127657550770312
2016-04-22,0.0,0.0088028507475304,-0.012811914275298819,0.043478218616745945
2016-04-25,-0.0017227382315576634,-0.024432786390851224,0.0028840781155776707,0.0
2016-04-26,0.0014860148491766534,0.03041146183426191,0.003975248058563308,0.0
2016-04-27,0.0020582420942900637,0.03472218772879487,0.002864397439145794,-0.0625000038805108
2016-04-28,-0.009075753999901792,0.008389293693764621,0.018901209532051544,0.04444446946367875
2016-04-29,-0.00539886784123178,0.006655567442543919,0.01945750344247421,0.0
2016-05-02,0.00794842909462723,-0.029752115620002573,-0.0033158403319838436,0.0
2016-05-03,-0.008703166552722852,-0.03407151842662903,-0.002271979748055375,0.0
2016-05-04,-0.005578236005264525,0.005290958124783751,-0.006099544612754526,0.0
2016-05-05,-0.00019507968979282087,0.012280732281358064,-0.0011455641166617792,0.0
2016-05-06,0.003659072037534017,0.005199343138218238,0.009093148301192455,0.0
2016-05-09,0.0008263570286630717,-0.02758626189441482,-0.020539038586043668,0.0
2016-05-10,0.01243381206558225,0.03546104447461973,0.0027351995597273415,0.02127657550770312
2016-05-11,-0.009354746830369964,0.03938356388082731,0.009423039824896007,0.0
2016-05-12,0.00029054507793579987,0.01317955872218013,-0.0078611125358784,-0.02083331393077925
2016-05-13,-0.008714189935286054,-0.009756088105549288,0.0045394140453900444,0.0
2016-05-16,0.009865229178805723,0.04597696649518279,0.0007394952589121484,-0.042553214424603025
2016-05-17,-0.009333555891163359,0.014128752622417196,0.0034482607423813594,0.04444446946367875
2016-05-18,0.00029288531513849136,-0.020123856605766877,-0.01734579222228738,-0.08510636544000938
2016-05-19,-0.003464968528515411,0.006319109373639442,-0.0019150352244893254,0.0
2016-05-20,0.006317377885411313,-0.0078492487905778,-0.0013348098643798378,-0.023255860695907793
2016-05-23,-0.0013625907431599193,-0.004746868511629088,-0.002840166573309433,0.04761907465063331
2016-05-24,0.012962274335038826,0.01748809764412118,-0.017341037506874768,-0.02272725117600638
2016-05-25,0.006783103358974252,0.024999975785613415,-0.002728045068191687,-0.023255860695907793
2016-05-26,0.00028668558363764696,-0.010670757968286981,-0.003419400875365075,-0.07142857649699375
2016-05-27,0.0042992699484945,0.004622528638884793,-0.008234680643287917,0.025641078544558438
2016-05-31,-0.0019026310160862314,-0.013803704425026875,0.003805525009163979,-0.025000050291418274
2016-06-01,0.0020492181761093686,0.010886496660990286,-0.0010339059082515867,0.05128208067290285
2016-06-02,0.0030437027471552636,-0.006153840285081147,-0.0023288275554194104,0.07317073525310214
2016-06-03,-0.0029870791895760807,-0.004643995298946657,0.027751354156539287,0.0
2016-06-06,0.005088488350914355,0.020217747731185787,0.0003364814640942626,0.02272725117600638
2016-06-07,0.001561327479233654,0.019817090788850855,-0.0008408886281601191,-0.02222220161814692
2016-06-08,0.0032596488344700525,0.02242153872712427,0.014812339174809175,0.0
2016-06-09,-0.0013655096896940666,-0.01608189050592146,0.005556461757929343,0.11363639134513459
2016-06-10,-0.009477529656177208,-0.040118867780283396,0.004041219495006354,0.0
2016-06-13,-0.0077117642666439945,-0.012383889045456176,0.007392817000752894,0.08163257362146625
2016-06-14,-0.001966916133902208,-0.0047022271583421205,0.0010599906561068462,0.0
2016-06-15,-0.0013939304724642776,-0.026771665960171664,0.007412264290884263,-0.03773581510593205
2016-06-16,0.0029843326940433013,-0.03721683259905806,-0.010511020767707824,-0.03921564960882995
2016-06-17,-0.008878393665489703,0.05882359540998938,0.01282889140431287,0.06122443021609958
2016-06-20,0.006440062965038518,0.026984062588886637,-0.005970132166106756,0.07692312100935417
2016-06-21,0.0028385678160469663,0.0,-0.019235474102691663,0.12499998669539192
2016-06-22,-0.001631147255365284,-0.013910305822137703,0.0004965672774475127,-0.04761900256640572
2016-06-23,0.013022543851969326,0.021943552347077677,-0.0065343333792947655,-0.016666749450892193
2016-06-24,-0.03590907524831999,-0.05521474456557396,0.049038376152841456,-0.10169492381566325
2016-06-27,-0.0179098567765531,-0.025974001846660322,0.005396827818855421,0.0
2016-06-28,0.018036025724666338,0.03333330154418945,-0.010735716822507735,0.0
2016-06-29,0.01702759235153195,0.03387097493666902,0.004149350816571085,0.03773592756753197
2016-06-30,0.013645562834888825,-0.024960975229462057,0.00500639622652943,0.018181800448205276
2016-07-01,0.0021004508801811816,0.020800018310546786,0.015339625386899147,0.07142860944173757
2016-07-05,-0.007193190358265378,-0.053291559010839484,0.008254789567508913,-0.11666674945089228
2016-07-06,0.005997792706853966,0.014900687608660146,0.005870043250717272,-0.01886790755296608
2016-07-07,-0.0006200747903354342,-0.04241439217420784,-0.003762499043616141,-0.01923075159625831
2016-07-08,0.014890445928336327,-0.001703535304877657,0.0060120143847071095,0.01960782480441492
2016-07-11,0.003526922273814348,-0.015358387463707324,-0.009423926954219786,-0.01923075159625831
2016-07-12,0.007263369709887169,0.04679375768094163,-0.016551874633622066,-0.01960782480441492
2016-07-13,-0.00013956166421391636,-0.033112551411966895,0.00920177573180525,-0.019999980926513672
2016-07-14,0.005583458768219751,0.008561594621799617,-0.007715129649756625,0.0
2016-07-15,-0.0013418160868251539,0.00679116515445588,-0.003848311365095336,0.0
2016-07-18,0.002687308650947795,-0.013490712651246017,0.001576825791636871,-0.020408204226431526
2016-07-19,-0.0010165945057079018,-0.01025640064233635,0.0013381467862105811,0.0
2016-07-20,0.004162976485132752,0.0,-0.014307049036417885,-0.02083331393077925
2016-07-21,-0.0037771987620903724,-0.02072536897231292,0.015232503958900745,0.02127657550770312
2016-07-22,0.004485139878580124,-0.003527333449276804,-0.007462722347700734,0.0208333760189523
2016-07-25,-0.00271594357282523,-0.03362832814396666,-0.006964758718206121,-0.020408204226431526
2016-07-26,0.00046160215247192937,-0.014652000576396595,0.0042241075487405855,-0.02083331393077925
2016-07-27,-0.0010611106230176137,-0.013011184046908042,0.016111101422991103,0.0
2016-07-28,0.0011546277252305615,-0.03013179833074664,-0.002889909558035031,0.17021279428921554
2016-07-29,0.0016145723016485203,0.015533965480508893,0.010339903082906332,0.018181800448205276
2016-08-01,-0.0008290009203625326,-0.04971323669859107,0.0018607962561190128,-0.07142860944173757
2016-08-02,-0.006407298672469919,-0.0020120226291382437,0.00812570067976126,0.0
2016-08-03,0.002922707562533322,0.03427420866663056,-0.004759425467430023,0.03846161781683777
2016-08-04,0.001063979064302556,0.025341152347144957,0.0016968857004249216,-0.01851861050099135
2016-08-05,0.008178868738597966,0.007604555154464343,-0.01786395743940894,0.03773592756753197
2016-08-08,-0.0005957907616973568,0.024528232627428537,-0.000862411663815732,0.018181800448205276
2016-08-09,0.0005961459399410618,-0.003683237856129562,0.004080325118523742,-0.035714251502436234
2016-08-10,-0.002474989936108618,-0.036968542496504386,0.004688953410549868,-0.03703711062301529
2016-08-11,0.004640665822773338,0.04798464456229001,-0.006922832969429749,-0.05769225478877493
2016-08-12,-0.0008689100750999268,0.02930400115279319,-0.002114801025602908,0.020408143405366452
2016-08-15,0.0028837755408868126,0.030249124511687375,0.0034536484045673,0.0
2016-08-16,-0.005157650476568132,0.010362684486156404,0.0049280733796905896,-0.019999980926513672
2016-08-17,0.0018810258335995034,0.005128241076481466,0.0002335080486637331,0.020408143405366452
2016-08-18,0.0022439231768132117,0.03401357234227764,0.004747086461879935,0.0
2016-08-19,-0.0014621553656507524,0.0,-0.008829675348611454,0.019999980926513672
2016-08-22,-4.573307926691861e-05,-0.032894705884013775,-0.00148474204574367,0.0
2016-08-23,0.0020134647136049733,0.010204071702683226,-0.00015649274735829444,0.05882359128509962
2016-08-24,-0.0051148335888194785,-0.02693600098835336,-0.011114635054762179,-0.05555561074503923
2016-08-25,-0.0006885891717723913,0.012110673405414829,-0.0008706109240564919,0.03921564960882984
2016-08-26,-0.0018833425257550607,0.0017094408623694601,-0.0014259708499476664,0.01886802001456611
2016-08-29,0.004924328580606652,-0.006825931901308424,0.0019833398964483884,-0.01851861050099135
2016-08-30,-0.0016486563901140228,-0.012027520549263926,-0.010055457179525829,-0.01886790755296608
2016-08-31,-0.002844014299025255,-0.03826083307680872,-0.001999520134694288,0.0
2016-09-01,4.5977121222895434e-05,-0.03074142311828898,0.0040872106204499214,0.03846161781683777
2016-09-02,0.004508007407380887,0.016790983863599562,0.010216288370529014,0.0
2016-09-06,0.0030224100236626583,0.014678973090459513,0.016907695537669243,-0.03703711062301529
2016-09-07,-9.133119925319733e-05,0.018083164708602162,-0.003418556588101307,0.03846161781683777
2016-09-08,-0.002283000833481985,0.04795736686291807,-0.0053013792150961025,0.01851850012202405
2016-09-09,-0.023934812406832262,-0.04067800747050254,-0.00658355954228651,0.0
2016-09-12,0.014347325469371563,0.005300390568396596,-0.0012623563085552014,-0.03636370926848953
2016-09-13,-0.014375523079394936,-0.029876990260873537,-0.0066355664917512325,0.0
2016-09-14,-0.00037519032339572433,-0.025362294740823077,0.0034194855282367875,-0.01886790755296608
2016-09-15,0.009992985896339901,0.007434936989250351,-0.006419381491795106,0.03846161781683777
2016-09-16,-0.00887218354208319,-0.018450166646666433,-0.00247272219188599,0.0
2016-09-19,0.00018750783070453636,0.0018796525793258745,0.00207901920123299,-0.01851861050099135
2016-09-20,4.68324195888048e-05,0.01125702507286741,0.0009575705942728163,0.07547174267346413
2016-09-21,0.011245474537833866,0.033395233698427784,0.014588601451239303,0.017543843138140724
2016-09-22,0.006301479498698415,0.012567269778618329,0.00235721740921524,-0.034482726727597
2016-09-23,-0.005479267072237448,-0.03546095992902232,0.0006271210413582029,0.017857125751218117
2016-09-26,-0.008102226748891828,0.018382335217044687,-0.0007833801247610905,-0.07017547712211625
2016-09-27,0.00620799942565875,-0.025270734196678246,-0.007291260548213385,0.05660383512049805
2016-09-28,0.00496354793837539,0.04999999558484114,-0.003159070582864132,0.0
2016-09-29,-0.009047298372365287,0.01587304257087707,-0.0011884132817953086,-0.035714251502436234
2016-09-30,0.007546163737871758,0.012152724312965324,-0.003410805950794571,-0.01851861050099135
2016-10-03,-0.0024040881420446247,0.020583171034211478,-0.0025469571504198596,0.0
2016-10-04,-0.005097813095460868,-0.005041972089558144,-0.03471112739159021,-0.01886790755296608
2016-10-05,0.0044252479944231204,0.030405376016702235,-0.0015706575141682944,0.0192307515962582
2016-10-06,0.0006956077219675283,0.0196721126942887,-0.009273018119780652,0.03773592756753197
2016-10-07,-0.0034294443291796872,-0.025723449004679044,0.000668512445361813,0.07272720179282088
2016-10-10,0.005208381747325852,0.037953798885349777,0.0035076482865623593,0.06779664955205078
2016-10-11,-0.012629584289772455,-0.009538941676219825,-0.005076569505331308,0.03174600171093722
2016-10-12,0.0013119713615477036,-0.011235982575773296,0.0015892497462293154,-0.04615380383101986
2016-10-13,-0.003275523770716493,0.003246750230832429,0.002421921836488483,0.0806451798973915
2016-10-14,0.00051641055907381,0.0,-0.0055819226506638175,-0.014925358528601551
2016-10-17,-0.003472176479584199,-0.008090568816592758,0.0026809625769763645,0.015151500099837678
2016-10-18,0.006262368398515461,0.008156560026796322,0.006183137214928136,-0.014925358528601551
2016-10-19,0.0026671285738755213,0.021035617807754203,0.0057299655530487215,-0.015151590409901994
2016-10-20,-0.0018666879725734997,-0.02060223702373809,-0.0030550965627722526,0.0
2016-10-21,0.0004675090819328265,0.008090645974711208,0.0007454362173064943,-0.030769202554013275
2016-10-24,0.0042527510995378215,-0.006420539603621989,-0.0022345797266349887,-0.03174600171093711
2016-10-25,-0.00335055713503718,-0.021001633802777864,0.007548139354159433,-0.09836065733954968
2016-10-26,-0.002007716671137416,-0.016501634583630298,-0.00559809251948773,0.0
2016-10-27,-0.002666825627254843,0.011744995170023698,0.0018213529185828747,0.0
2016-10-28,-0.002955410649828849,-0.021558890533612374,0.0047103519110967,-0.018181800448205276
2016-10-31,4.709591578611061e-05,-0.05084748913316417,0.0029610183001298473,0.0
2016-11-01,-0.007245394132254446,0.005357180414151896,0.006478603409139305,-0.03703711062301529
2016-11-02,-0.006018620192091095,-0.031971634372454316,0.007414617516698918,-0.11538456688971033
2016-11-03,-0.004577127342062948,-0.02568804979545003,0.005338107937297831,0.043478218616745945
2016-11-04,-0.0011016176304425862,-0.0037664747913432883,0.0007240252267182168,-0.0625000038805108
2016-11-07,0.02205701643449487,0.022684288549039477,-0.018007861361529542,0.0888889389273575
2016-11-08,0.0045039021410124835,0.0,-0.004175211869501427,-0.08163269526359607
2016-11-09,0.010602046919760744,0.020332742443056384,-0.0006576934516286936,0.04444446946367875
2016-11-10,0.002495578491299444,-0.027173930414082115,-0.01488974658560116,0.06382978993230615
2016-11-11,-0.002304997253460117,-0.027932979248437184,-0.02212944906788228,0.0
2016-11-14,0.0007855012031401376,0.007662919597304585,-0.008454294420749409,0.019999980926513672
2016-11-15,0.007802772380907985,0.05513307019659108,0.00869866618655779,0.0
2016-11-16,-0.0018783382096493328,-0.014414486088985212,-0.002988440021410743,-0.01960782480441492
2016-11-17,0.005140727961985503,-0.014625215132458291,-0.005138293152093909,0.0
2016-11-18,-0.0022375701213421806,0.02782933192635406,-0.008780207102896176,0.0
2016-11-21,0.007551459480477751,0.8689530979869382,0.0037342622620732957,0.019999980926513672
2016-11-22,0.0019532498137269094,0.0,-0.00034608855246265335,0.0
2016-11-23,0.0005439981693327045,0.0,-0.019819983532816443,-0.01960782480441492
2016-11-25,0.00371548407592881,0.0,-0.005651208738617575,-0.019999980926513672
2016-11-28,-0.004694874164243412,-0.01332822938584255,0.010567466787642088,0.06122443021609958
2016-11-29,0.0019503263012654593,-0.034847294481123114,-0.004657349687858581,-0.01923075159625831
2016-11-30,-0.0023991615160512403,0.0,-0.013419234467324848,0.01960782480441492
2016-12-01,-0.003675458483742511,0.0,-0.0018791864382340373,0.11538462420187079
2016-12-02,0.0005009124556802913,0.0,0.005379222424209074,0.034482829494228984
2016-12-05,0.006008773526166689,0.0,-0.005350441210868029,0.06666660043928618
2016-12-06,0.0031674070056206816,0.0,-0.0009861987578327902,0.03125006402842834
2016-12-07,0.013080781214221071,0.10141988182756112,0.003589711251758221,0.015151500099837678
2016-12-08,0.002448743446227919,0.0,-0.0023249765892274787,0.014925358528601551
2016-12-09,0.006040420374058941,0.0,-0.010486673587394413,0.0
2016-12-12,-0.0011478279684832282,0.05414367551888977,0.003804331187865717,-0.0735294285220669
2016-12-13,0.006674008869993031,0.0,-0.0033387723118656343,-0.01587300085546861
2016-12-14,-0.008254257417305233,-0.029699524279125367,-0.014667226454941784,0.016129016752173708
2016-12-15,0.004117197873551248,0.0,-0.01369112807217554,-0.04761900256640572
2016-12-16,-0.007803907638611385,0.0,0.006614558767378709,-0.033333399560713795
2016-12-19,0.0021774151607845127,0.0,0.004997623978540311,0.06896555622182587
2016-12-20,0.0038575582933375596,0.0,-0.007367118973593101,-0.11290321340173892
2016-12-21,-0.00278263975709947,0.0,0.0005566152526592649,0.10909091106131052
2016-12-22,-0.0017274189762506165,0.0,-0.0024107755207141146,-0.01639342660450327
2016-12-23,0.0014642018985946414,0.0,0.0031601819765598727,0.06666660043928618
2016-12-27,0.002481048876595171,0.0,0.005837091185366683,0.03125006402842834
2016-12-28,-0.008264508510481994,0.0,0.0027634769574851337,0.09090909090909083
2016-12-29,-0.00022276200681092817,0.039070941934557846,0.01313614088883086,-0.02777783296726144
2016-12-30,-0.0036550358899495317,-0.009703648717340196,-0.006165566230220687,-0.028571401810159047
2017-01-03,0.007650009945893599,0.0,0.00784600497730814,-0.13235298887049818
2017-01-04,0.005949193328053326,0.0,0.0035303646722089077,-0.08474568565903096
2017-01-05,-0.0007944564088429029,0.0012248415215267983,0.015515074970534615,0.07407400048809576
2017-01-06,0.0035777952262365798,0.0,-0.00737255123072611,-0.017241363363798556
2017-01-09,-0.0033009109539110515,-0.03163233639202445,0.008232645807116912,-0.10526316339839759
2017-01-10,0.0,-0.0202129562880331,0.0042602588509306205,0.03921564960882984
2017-01-11,0.0028261033766421306,0.0,0.0030932255360247574,0.03773592756753197
2017-01-12,-0.0025099397133390156,0.0,0.003612367067042932,0.05454540134461583
2017-01-13,0.0022955205723882433,0.027997781025200785,0.0026336178800692167,-0.034482726727597
2017-01-17,-0.0035234663774721398,0.0,0.01435950794847174,0.017857125751218117
2017-01-18,0.0022099447513812542,0.0,-0.008459177733679324,-0.03508768627628134
2017-01-19,-0.003704504246485718,-0.019351335695162564,-0.0008706024299159898,0.03636360089641055
2017-01-20,0.0036740375264483482,0.02466649932787135,0.0024397178433508415,-0.05263152941442195
2017-01-23,-0.00260215040304157,0.0,0.006431967354547874,-0.05555561074503923
2017-01-24,0.0064117278185511495,0.0,-0.004490925540628465,0.05882359128509962
2017-01-25,0.008655541159375613,0.0,-0.008241493674922662,0.03703700024404788
2017-01-26,-0.0010454566603079751,0.0,-0.009272197003353688,0.035714251502436234
2017-01-27,-0.001569792907500922,-0.012125506809554598,0.0020306880028346797,-0.05172409009139556
2017-01-30,-0.006201677780385717,0.0,0.004229477187141839,-0.03636370926848953
2017-01-31,-8.791154556209158e-05,0.0,0.01386331327657886,-0.03773581510593205
2017-02-01,0.00039553614193055253,0.0,-0.0030290445198764004,-0.01960782480441492
2017-02-02,0.0006590332944880206,0.015703951947208417,0.005555550404536813,0.0
2017-02-03,0.006892883329587374,0.0,0.0025034610211955854,-0.019999980926513672
2017-02-06,-0.0017877547251082815,0.0,0.013519329475210284,-0.04081634763179798
2017-02-07,4.372413377562445e-05,0.0,-0.0020390643159919897,0.10638294094771261
2017-02-08,0.0013104003169328582,0.0,0.00621491028966048,0.0
2017-02-09,0.005932649527842226,0.0,-0.00761487018603868,-0.05769225478877493
2017-02-10,0.003946176839699778,0.0,0.0026430007347089113,0.04081628681073313
2017-02-13,0.005442571791810069,0.0,-0.006802682251218939,-0.05882353284917219
2017-02-14,0.003995328688024102,0.0,0.0011129901542927811,0.04166668994973155
2017-02-15,0.005220373284700264,-0.008530275474095794,0.004447076385095894,-0.019999980926513672
2017-02-16,-0.0008513406683170466,-0.008782897725480798,0.0053640263872474225,-0.04081634763179798
2017-02-17,0.0015763254740255306,0.0,-0.0033875467452245678,0.0
2017-02-21,0.005955205143060249,0.027486427602541275,0.000594830851824435,-0.02127657550770312
2017-02-22,-0.0008880151760716215,-0.020063413801489682,0.0013588421410561935,0.021739109308372973
2017-02-23,0.0006771781908583296,0.0,0.008735465586520608,0.0
2017-02-24,0.0012688337365085456,0.0,0.00638973004234078,0.0
2017-02-27,0.001562875342579817,0.0084410798649166,-0.004845398633643638,0.0
2017-02-28,-0.002699166580916068,-0.01335704582766195,0.0009234436519076628,0.0
2017-03-01,0.01399753686094174,0.0,-0.0014258642418293332,-0.02127657550770312
2017-03-02,-0.006297416442252124,0.0,-0.01243067157641009,0.0
2017-03-03,0.0006295122919159901,0.0,-0.0005953367386810626,0.021739109308372973
2017-03-06,-0.0029779022755256346,0.0,-0.006722839768239397,-0.02127657550770312
2017-03-07,-0.0029868608548812015,0.0,-0.008053482107396648,0.0
2017-03-08,-0.0018565503856803334,0.0,-0.0062187012290060295,0.0
2017-03-09,0.001268190120282231,-0.07472924858898378,-0.005127727710842134,-0.06521739271277516
2017-03-10,0.0035041874057075706,-0.011119812919087146,0.002183978311645074,0.04651158277636491
2017-03-13,0.0005048387225166096,-0.0067074218686429266,0.0001743082536056484,0.0
2017-03-14,-0.003826599686521437,0.0,-0.005403478549159679,0.022222267845531718
2017-03-15,0.00865345337515544,0.0,0.018664539100545774,0.0
2017-03-16,-0.0019669438238366643,0.0,0.004129061134912737,-0.021739174096029212
2017-03-17,-0.006080161750333102,0.0,0.0022273151662723922,0.0
2017-03-20,-0.0010968843951183471,0.0,0.004444860945005402,-0.02222220161814692
2017-03-21,-0.012839500317040176,0.0,0.008765200923941618,0.0
2017-03-22,0.0023531556146476618,0.0,0.0024464392887426634,0.0
2017-03-23,-0.0010670992031014404,0.0,-0.001346492128619703,0.0
2017-03-24,-0.000726394777729511,0.0,0.001601099219161961,-0.02272725117600638
2017-03-27,-0.0010262785108084982,0.0,0.005636868294673025,0.0
2017-03-28,0.007276826652523827,0.0,-0.004099371444605038,0.0
2017-03-29,0.0009348374769126977,0.0,0.002436163586164053,0.0697674434722726
2017-03-30,0.0031841726304582263,0.027209550759719425,-0.007206910225050822,-0.021739174096029212
2017-03-31,-0.002327596633780238,-0.0011601009360648895,0.0021102388572973307,-0.02222220161814692
2017-04-03,-0.0017392197020257294,0.0,0.005306580584065079,0.0
2017-04-04,0.0006373768551282133,0.0,0.002262289701825848,0.045454570084564105
2017-04-05,-0.0029726386994337606,0.03155247973326647,0.0,0.0
2017-04-06,0.0028111579586889146,0.0,-0.003678334988324705,0.043478218616745945
2017-04-07,-0.0010193913127561904,0.0,0.0023493772325884343,-0.0416666278615585
2017-04-10,0.0005952355079292815,0.0,0.0,0.0
2017-04-11,-0.0011897628267779625,0.0,0.014481863135711759,-0.021739174096029212
2017-04-12,-0.0043818548030066795,0.0,0.006848701913851674,-0.02222220161814692
2017-04-13,-0.00649491210694908,0.0,0.004753334264967268,121.3181817873943
2017-04-17,0.008859889321111591,0.0,-0.0029363834815018253,0.0
2017-04-18,-0.0029842357725798907,0.0,0.004744779460001958,0.0
2017-04-19,-0.001838597018680388,0.0,-0.008874746300268521,0.0
2017-04-20,0.008139110163697394,0.0,0.0018893922713916211,0.0
2017-04-21,-0.003186878608271826,0.0,0.002869780885113693,0.0
2017-04-24,0.010997919226438668,0.0,-0.006785988212145488,0.0
2017-04-25,0.005818631755562409,0.0,-0.010125150830952667,0.0
2017-04-26,-0.000628837364721746,0.0,0.0049064144523129904,0.0
2017-04-27,0.0008389773999661898,0.0,-0.003723907331012466,0.0
2017-04-28,-0.0021793975656284603,0.0,0.0031563855415273068,0.0
2017-05-01,0.002520122816330961,0.0,-0.009108209859209682,0.0
2017-05-02,0.0003771225047839444,-0.0876337038775925,-0.00016709821486060594,0.0
2017-05-03,-0.0012145937083074543,0.0,-0.013957360197643709,0.0
2017-05-04,0.0011740975524705544,-0.04644180129895459,-0.010086475737808298,0.0
2017-05-05,0.003937018189952068,0.0,0.0018837333588364036,0.0
2017-05-08,-0.00016684725340843087,0.0,-0.002222050521183294,0.0
2017-05-09,-0.000917972199538597,0.015702549549430955,-0.005995691205500586,0.0
2017-05-10,0.0017958263924027218,0.03121678329042754,-8.618815999517082e-05,0.0
2017-05-11,-0.002042732498225175,0.0,0.003964142371969848,0.02378295775835859
2017-05-12,-0.001671021585404553,0.0,0.0028326337429587234,0.0
2017-05-15,0.005523505514342997,0.03356674394649528,0.0026534071191921527,0.0
2017-05-16,-0.0009155273321229673,0.0,0.0043537829852127174,0.0
2017-05-17,-0.017744062289010265,0.0,0.018189539837597968,0.0
2017-05-18,0.004028483244579384,0.0,-0.008181011348557088,0.0
2017-05-19,0.006504173917067035,0.0,0.0049659454541624015,0.0
2017-05-22,0.00507744839185631,0.0,0.004187604636601616,0.0
2017-05-23,0.002212753715109317,0.0,-0.006338633249028169,0.0
2017-05-24,0.0023328371234097034,0.03247660989780532,0.003944948993712671,0.0
2017-05-25,0.004779493344279961,-0.035700489590834716,-0.0010868426783263718,0.0
2017-05-26,-0.00020676619004200703,0.0,0.00887175702052101,0.0
2017-05-30,-0.000868837483074425,0.004602714126068719,-0.003318413164433487,0.0
2017-05-31,-0.0002484370956262749,0.0,0.003995366733579031,0.0
2017-06-01,0.007952278618002628,0.0,0.0008290372396291268,0.0
2017-06-02,0.0033283923264393334,-0.03866531949087093,0.0073724269437449585,0.0
2017-06-05,-0.0007371613102798991,-0.0046002004219888315,0.0009867835373715828,0.0
2017-06-06,-0.0031968472549533944,0.0,0.011254375087548674,-0.10635203190443954
2017-06-07,0.0018502402689852815,0.0,-0.005280272412152454,0.0
2017-06-08,0.000492469487745284,0.0,-0.006533241668445489,0.0
2017-06-09,-0.0015177418944959387,0.0,-0.00912454251071615,0.0
2017-06-12,-0.0002054272667741941,0.0,-0.0014932827593217013,0.0
2017-06-13,0.004889885101995839,-0.02156671436990476,0.0009970317877492363,0.0
2017-06-14,-0.0012676244315079632,-0.03959490399747423,-0.00547811789275976,0.0
2017-06-15,-0.001924341672667862,0.0,-0.004172926066378535,-0.03980509407714039
2017-06-16,-0.004635537034940129,0.0,0.00016758836001962152,0.0
2017-06-19,0.00832510829847588,0.0,-0.007625239321596311,0.0
2017-06-20,-0.006744090290917382,-0.028533433109274142,-0.0021109516115493943,0.0
2017-06-21,-0.00024689337866745653,-0.02113928762146966,0.0028769363429739236,0.0
2017-06-22,-0.0004527705772106039,0.0,0.0033749707830614817,-0.02453468437736195
2017-06-23,0.001194237149132249,0.0,0.004288615406013774,0.0
2017-06-26,0.0006580364418511397,0.0,-0.008959220397639522,0.0
2017-06-27,-0.008056194291447882,0.0,0.0038019343183648413,0.0
2017-06-28,0.00895041497418747,0.04834012347221872,0.0007575454013519778,0.0
2017-06-29,-0.008788859260625892,0.0,-0.00487806411784153,0.06656547627761955
2017-06-30,0.0018644994276453275,0.021377775404188393,-0.00253552275635216,0.0
2017-07-03,0.0016956313355447339,0.0,-0.016353163532217163,0.0
2017-07-05,0.002312033124441948,-0.008963961767540551,0.003704025486608087,0.0
2017-07-06,-0.009144462584478208,0.0,-0.00042907160833882685,0.0
2017-07-07,0.006485127993359763,0.0,-0.010217244173899132,-0.05102659873160342
2017-07-10,0.0010738693411280753,-0.013172326024307512,0.0016481821948142183,0.0
2017-07-11,-0.0007426359673532446,0.0,0.0012990519121256483,0.0
2017-07-12,0.0075147283004384224,0.0189099088567386,0.0035460648934033667,0.0
2017-07-13,0.0016802740516348447,0.012882099616073228,-0.0018098688846157618,0.018851779399360113
2017-07-14,0.004664100311712049,0.0,0.008202356680584888,0.0
2017-07-17,-0.00012216476459980807,0.002155686357708353,0.004453235312239068,0.0
2017-07-18,0.000529486757051556,0.0,0.006991215691223296,0.0
2017-07-19,0.005413994183945503,0.0,-0.0002539901713813908,0.0
2017-07-20,0.00044536462166533397,0.0,0.001354979930841882,0.0
2017-07-21,-0.0008903327206352118,-0.008603992344348388,0.008626558617128355,0.012825836375960797
2017-07-24,-0.0002430231586484366,0.011933136446186321,0.00041921366315400554,0.0
2017-07-25,0.002430884154129398,0.031089189506678938,-0.0032687905257637873,0.0
2017-07-26,4.039490303897608e-05,0.017883128591152042,0.008072646310579579,0.0
2017-07-27,-0.0009295385941365808,0.007354494772276787,-0.0007507202198243634,-0.022420553402754395
2017-07-28,-0.0011731120134015338,0.012816871621537329,0.00751316068954333,0.0
2017-07-31,-0.0005670057412499041,0.0011613011270148466,0.0004971211979458712,0.0
2017-08-01,0.0022288083731218933,-0.011600017547607422,-0.0008281447132181263,0.0
2017-08-02,0.0004851816013016208,0.006475124528119824,-0.002072109381170417,0.0
2017-08-03,-0.001939846923711186,0.0,0.0015780299800982611,-0.037162879471849486
2017-08-04,0.0018221450275694995,-0.00038202575074053335,-0.007794965092940864,0.0
2017-08-07,0.0018592273888260458,0.0,-0.0011700742821817434,0.0
2017-08-08,-0.002460969953475667,-0.0008245703157180317,0.0029286123995055924,0.0
2017-08-09,-4.0421042861726875e-05,-0.003220570494203101,0.012097421498902916,0.0
2017-08-10,-0.014115290164465333,0.0,0.007419021877765664,0.018747209335255866
2017-08-11,0.0014768650248777604,0.0,0.004745944156777204,0.0
2017-08-14,0.009913150161188655,-0.03675285844706122,-0.007085289845225606,0.0
2017-08-15,-0.00012167916003003043,0.0,-0.007709931316675078,0.0
2017-08-16,0.001744383368433411,0.005450738572777336,0.007356582616572016,0.0
2017-08-17,-0.01559085634345192,0.0,0.00508734802014188,-0.008226829718895878
2017-08-18,-0.0015631643825246844,0.0,-0.0015511047050799087,0.024885382132145084
2017-08-21,0.0007827744112798296,0.0,0.0037612352656932746,0.0
2017-08-22,0.010457013621846034,-0.0022936105908754056,-0.00448031151993189,0.0
2017-08-23,-0.0035854175116486475,0.0,0.003764005301683193,0.0
2017-08-24,-0.0023306839676145996,0.0,-0.003097719565419932,0.0
2017-08-25,0.00233612874542799,-0.003970753189477705,0.003679752595251218,0.0
2017-08-28,4.092969301972005e-05,-0.028745197861416272,0.015887278895027057,0.0
2017-08-29,0.0011448614748810204,0.0,-0.0021654043401579948,0.0
2017-08-30,0.004737546965099426,0.0,-0.00048221796718150856,0.0
2017-08-31,0.006016060401509371,0.0,0.011740101940391323,0.0
2017-09-01,0.0014141615295903964,0.023331129244908988,0.0019074699121892635,0.0
2017-09-05,-0.0071820481181339435,0.027717959225540767,0.011105834943620163,0.0
2017-09-06,0.003413786662704421,0.008770990732710038,-0.005099651110527015,0.0
2017-09-07,-0.0001215017417515174,0.0,0.010409331674411826,0.0
2017-09-08,-0.0011746801631163928,-0.028711016181684812,-0.0012487602904230899,0.0
2017-09-11,0.010665929366869165,0.0,-0.01390950036975469,0.0
2017-09-12,0.0033706364722949633,0.0,0.0029320477853171933,0.0
2017-09-13,0.00047988448599478595,0.0,-0.007506297144185381,0.0
2017-09-14,-0.0003197898694496937,0.0,0.004378656548724491,0.0
2017-09-15,-0.003598680113811592,0.051153031239831614,-0.004993697404288455,0.0
2017-09-18,0.002126886207730161,-0.003390451083772672,-0.009320466663927607,0.0
2017-09-19,0.0010011212509126732,0.0,0.0020907215740946228,0.0
2017-09-20,0.0003600285532310288,0.0,-0.008024393981386213,0.0
2017-09-21,-0.002679349658028851,0.0036221300907517406,-0.007603967161635139,0.0
2017-09-22,0.00020050143101246753,0.0,0.004564701313993336,0.0
2017-09-25,-0.002044618989068492,0.02749693437377787,0.010467388330802407,0.0
2017-09-26,0.0006026158345202592,0.0,-0.01116196421162674,0.0
2017-09-27,0.0038943360108092406,0.0,-0.009420139990778287,0.0
2017-09-28,0.0011997722379379905,-0.01047931342850461,0.001885519931214219,0.001490941292581871
2017-09-29,0.003515037357976203,0.0,-0.005155038524977895,0.0
2017-10-02,0.004338700056587985,-0.022357294392847615,-0.006662322551317712,0.0
2017-10-03,0.002140112834726482,0.0028484921472049507,0.0004968550936175209,0.0
2017-10-04,0.0011864393381066929,-0.004040601742718142,0.002813840376879373,0.0
2017-10-05,0.0059251065662095925,0.0,-0.0053643767904709705,-0.040195648048667154
2017-10-06,-0.0011388068041758848,0.0,0.004729503075844965,0.0
2017-10-09,-0.0016511309392124307,0.0,0.0081757826666502,0.0
2017-10-10,0.0026383074502729364,0.013858157468309873,0.002621229439913275,0.0
2017-10-11,0.0015710044888239683,0.0,0.0031862694835504968,0.0
2017-10-12,-0.0014900983312921001,-0.004754297084104797,0.000814386133850542,0.0
2017-10-13,0.0012173953791108083,0.010350327237081736,0.0075677460313676725,0.0
2017-10-16,0.0013335804744474267,0.013199351741977283,-0.006864791440930884,0.0
2017-10-17,0.0007051115958491838,-0.005055419453972809,-0.006830966568647456,0.0
2017-10-18,0.000978588479294773,0.0076216598685301395,-0.003766470931119148,0.0
2017-10-19,0.000273705870075025,0.0,0.005917656213846323,0.0008862641232760815
2017-10-20,0.005160452324470377,0.0,-0.006373059753138954,0.0
2017-10-23,-0.0038893860875633957,-0.00930960714020157,0.0015623915833617996,0.0
2017-10-24,0.0017571052780840368,0.0,-0.003858794818776823,0.0
2017-10-25,-0.004950125836241881,0.011354755283949691,0.0001648120231156902,0.0
2017-10-26,0.001292654783710212,0.0,-0.00840541125580585,0.0
2017-10-27,0.00817618487525773,0.0,0.004736970715121469,0.0
2017-10-30,-0.0037250843463919603,0.03329460608182466,0.0019023633137824625,0.0
2017-10-31,0.0015579119629380855,0.0,-0.003797565383496959,0.0
2017-11-01,0.0013221712850886025,-0.002622693787011743,0.003646328400454868,0.0
2017-11-02,0.00038838831530729756,0.0,0.0006605716344769696,0.0
2017-11-03,0.0033387005759824007,0.0,-0.004703355749991034,0.0
2017-11-06,0.0015476644518939153,0.0,0.008539203746006141,0.0
2017-11-07,-0.0006953551150749027,0.0,-0.003616953850285376,0.0
2017-11-08,0.0017009003788182042,0.0,0.0034650455582678763,0.0
2017-11-09,-0.0036276947125475356,0.0,0.004110828013571766,0.0
2017-11-10,-0.0003099395192390775,0.05296770682073304,-0.008187996581421442,0.0
2017-11-13,0.0009298703467017777,0.004459524724508723,0.0014860093226882753,0.0
2017-11-14,-0.0023225162277847877,0.0,0.0020608359165059653,0.0
2017-11-15,-0.005005270980996901,0.0,-0.0012339083538733808,0.0
2017-11-16,0.00850098524031706,0.0,-8.23831309511025e-05,0.0
2017-11-17,-0.002938712319133008,-0.009429960700522932,0.012026351450757033,0.0
2017-11-20,0.0017063618490722465,0.0,-0.012616010451388715,0.0
2017-11-21,0.006542789474542232,-0.00016131370737371142,0.0016487064682373376,0.0
2017-11-22,-0.000884574319736986,0.015599765283605294,0.009217308019892956,0.0
2017-11-24,0.0023097303795101,0.0,-0.002527909692056296,0.0
2017-11-27,-0.0004992102187241221,0.0,0.004169409233999888,0.0
2017-11-28,0.010144810434635332,0.0,-0.0001628614521104188,0.0
2017-11-29,-0.0006086798230359181,-0.007238680989629098,-0.0062698205225436565,0.0
2017-11-30,0.008754970824701891,0.0016005378431289685,-0.007702412605330111,0.0
2017-12-01,-0.0020754623986969367,0.0,0.004046225185331043,0.0
2017-12-04,-0.0012099251946583456,0.0063920901926652895,-0.00337195530112111,0.0
2017-12-05,-0.0035966235872882946,0.0,-0.007096885692240984,0.0
2017-12-06,0.00018993044000548132,0.0,-0.002077792558461522,0.0
2017-12-07,0.0031530812970503863,0.0,-0.01315900587216201,0.0
2017-12-08,0.005453108650988359,-0.004410743541203965,-8.434894941455884e-05,0.0
2017-12-11,0.003013023100993273,0.002658136833417757,-0.003966924437765251,0.0
2017-12-12,0.0017648651008670413,-0.00523155593363922,0.0011863349471583629,0.0
2017-12-13,-0.00011244763263418278,0.0,0.008633065001213636,0.0
2017-12-14,-0.00408620932667525,0.0,-0.002013911785324396,0.0
2017-12-15,0.0031996013392996403,0.0,0.0021020768465358497,0.0
2017-12-18,0.006341234398259399,0.006147441333625991,0.004614893860962033,0.0
2017-12-19,-0.003840412872545995,0.0,0.0007516606979649509,0.0
2017-12-20,-0.0005240657311842423,0.0063217339728660615,0.002670670135530351,-0.1819791396772109
2017-12-21,0.0020596479627119635,0.004772889865076957,0.0014150005810633637,0.0
2017-12-22,-0.0002615173411772975,-0.006811043568893949,0.005236513137702126,-0.0002706938030837547
2017-12-26,-0.001196244299415672,0.017056466593770248,0.006862859144246114,0.0
2017-12-27,0.0004865634253699014,0.011773854863265099,0.0037776687734956127,0.0
2017-12-28,0.0020574135040394292,0.00015383683989789176,0.005072364396301321,0.10611808688071456
2017-12-29,-0.0037705222086674706,0.010592823523574824,0.006512031434223742,0.0
2018-01-02,0.007157325065401343,0.0,0.012131014811884722,0.032060634826859724
2018-01-03,0.006325156366117746,0.0,-0.002636850395774437,-0.030116118050999896
2018-01-04,0.004214826508353253,0.0,0.00512737855482448,0.0
2018-01-05,0.0066640704458234,0.021808992012191553,-0.0010361649479244672,0.0
2018-01-08,0.0018286883748257488,0.0,-0.00015961279955856167,0.0
2018-01-09,0.002263416642797056,0.022998003895327246,-0.0046284750854691525,0.0
2018-01-10,-0.0015298805808321436,0.01051270520751979,0.002405158456580736,0.010757912232120193
2018-01-11,0.007296074841767641,0.00032007922456878113,0.003279242310744168,0.0
2018-01-12,0.006518971252997829,-0.000719985961914027,0.012117319941670202,-0.006531215693446724
2018-01-16,-0.0034182936137424624,0.004723402003838473,0.0016540570729914883,0.0
2018-01-17,0.00953166089910118,0.004828707557029244,-0.008099385028916384,0.0
2018-01-18,-0.0016808080102507228,-0.002141089736933832,-0.002219746160232239,0.016070120582330594
2018-01-19,0.004549648731914546,-0.007152178412489496,0.004449368789751107,0.0
2018-01-22,0.008130946647838755,0.0,0.0018193589642852004,-0.009585375403054819
2018-01-23,0.002122487878360557,0.0,0.004974316982453653,0.0
2018-01-24,-0.00038835068594800237,0.0,0.012177899643490031,0.0
2018-01-25,0.0004237415081964624,0.03236856273074995,-0.006675468432262743,0.07113473255401392
2018-01-26,0.01157782887620118,0.0119863658138879,0.0007814808358339587,0.01075215540733554
2018-01-29,-0.00662989038142503,-0.014602412001248233,-0.005621994291566623,0.0
2018-01-30,-0.010257071045669863,-0.013217234500290442,-0.004318770545372663,0.0
2018-01-31,0.0004968204358588579,0.004884913258995427,0.006703457836465088,-0.04914400342032044
2018-02-01,-0.001135180316237494,0.0,0.003290292152912322,0.0
2018-02-02,-0.021769922073851533,-0.0003449349005476554,-0.013117887393550687,0.0
2018-02-05,-0.041822541371286714,-0.013616128447126452,0.002531843471552664,0.0
2018-02-06,0.01970224056126546,-0.005566209232622854,-0.010496423649786535,0.0
2018-02-07,-0.005424855752199975,-0.026099457421368544,-0.004705665583148222,0.0
2018-02-08,-0.03750890290754394,0.0,0.0015225774502147793,0.0
2018-02-09,0.015021523284711513,-0.04282569048132856,-0.0016803225174144565,0.0
2018-02-12,0.014684498424055947,0.019214271509556458,0.004808897328354433,0.0
2018-02-13,0.0024873885249809824,0.0,0.0056632293923437604,0.0
2018-02-14,0.013496226834175173,-0.0048813003745029615,0.017052616317100977,0.0
2018-02-15,0.012760126444360864,0.0,0.001169844500285011,0.0
2018-02-16,0.00029295891522274076,0.025879545549682748,-0.003271582663696204,0.0
2018-02-20,-0.0062611824788351145,0.0,-0.013441710167313103,0.0
2018-02-21,-0.004974230412217784,0.004929937959279984,-0.004594377467322608,0.0
2018-02-22,0.0012960789458873467,0.018064248816219708,0.005093103382117992,-0.11204084909760137
2018-02-23,0.01593934044334233,0.013376339101692558,-0.0012668539845070992,0.0
2018-02-26,0.011612254889272533,0.009541975470793274,0.0024575674654647717,-0.0050290797471677084
2018-02-27,-0.01248651060422723,-0.006348439210887125,-0.01043890649807222,0.0
2018-02-28,-0.01013008364060719,0.0,-0.0010388975966705294,-0.0037243785336563695
2018-03-01,-0.01454070229413773,-0.04878167152824808,-0.0022399902343750444,0.01254999723447181
2018-03-02,0.005154928286544624,-0.0018833478291829797,0.005372018620811936,0.0
2018-03-05,0.011557960548304713,0.032110528572886876,-0.0016747674096407872,0.0
2018-03-06,0.002535002884813009,-0.0003236259186790713,0.010784458146907872,0.0
2018-03-07,-0.00036648380872972286,-0.0016992967134119574,-0.006401624645603676,0.0
2018-03-08,0.00483909131947291,0.0,-0.0023862794212923255,0.0
2018-03-09,0.017402367411369024,-0.011104813577811568,0.0009568071147663115,0.0
2018-03-12,-0.0012550869926631902,0.0,0.0,0.0
2018-03-13,-0.006462688007934703,-0.014754045435702912,0.0019117242474055995,0.0
2018-03-14,-0.005131589409765214,0.0006655091398810598,-0.0006360457292980959,0.0
2018-03-15,-0.0010896760126061222,0.0,-0.006364323323672649,0.0
2018-03-16,-0.002909046519886327,0.027435976642432136,-0.0024019459414951205,0.0
2018-03-19,-0.013530349407333553,-0.0019420754355007341,0.0021669685053569143,0.0
2018-03-20,0.0017006986922423195,0.020317887324466488,-0.004484705499084418,0.0
2018-03-21,-0.0019192452770685486,0.026333765537958298,0.01745640608927701,0.0
2018-03-22,-0.02499715057919416,-0.011226421001272358,-0.003953194075975608,0.0
2018-03-23,-0.021314618077743375,0.0,0.012938539529958382,0.0
2018-03-26,0.027359030779175786,0.019967122094508127,0.005250357853935794,0.0
2018-03-27,-0.01701172908318105,-0.013665012269423515,-0.0061584106879087885,0.0
2018-03-28,-0.0029547947552392984,-0.00638229930529044,-0.01380496145836152,0.0
2018-03-29,0.012777614193099973,0.0,0.0004771936450476133,0.005801720235400598
2018-04-02,-0.02158462020719487,-0.020162898572334775,0.011686153191860393,0.0
2018-04-03,0.012816979754235458,0.009225601465300493,-0.007543604183229413,0.0
2018-04-04,0.010699116702327371,-0.003485398712403609,0.0011876001018218396,0.0
2018-04-05,0.007892006029410092,0.003879210551731571,-0.005140323544257752,-0.031200803506881036
2018-04-06,-0.02228584965096181,-0.012131013617995734,0.004689954877408642,0.0
2018-04-09,0.004928379690746887,0.007085822354502946,0.0034021703240154633,0.0
2018-04-10,0.015900359756645166,0.03931864661744311,0.0023655815524343815,0.0
2018-04-11,-0.005242255941374951,0.016143373960775698,0.007787899955785216,0.0
2018-04-12,0.008227111123041198,-0.0014168411693953331,-0.011630613197024187,0.009472218319197978
2018-04-13,-0.002933098186663874,0.007094329258181098,0.006555000660688037,0.0
2018-04-16,0.008221733833538414,-0.013788970110342968,0.0014123209845888773,0.0
2018-04-17,0.010698447659434285,0.0034954772937099143,0.0009402393572395251,0.0
2018-04-18,0.0007402650180390324,0.019536529892229648,0.0007827669207129961,0.0
2018-04-19,-0.005547542138160333,0.007858038520538235,-0.001955416527053,0.0
2018-04-20,-0.008479412297463074,0.0036993549847996743,-0.007601890535287481,0.0
2018-04-23,-0.0001499494750394348,-0.008105741616575957,-0.007975949843974872,0.0
2018-04-24,-0.013467367818031595,-0.003819469396877384,0.004855919415812648,0.0
2018-04-25,0.0024716475371893143,0.0016346677687280042,-0.006496075996334616,0.0
2018-04-26,0.010165734651382152,0.0017359278558088942,-0.0035085115107064135,0.03619309159333772
2018-04-27,0.0009387555942017567,0.0007849941603921273,0.004241008034887361,0.0
2018-04-30,-0.007690530506244242,0.006437760365650913,-0.007251025196090666,0.0
2018-05-01,0.0017768749890394453,-0.014763616241057709,-0.007063145351023148,0.0
2018-05-02,-0.0067174832270223694,0.005746157888533832,-0.0004849855228984401,0.0
2018-05-03,-0.0022037122452240876,0.008369735692408176,0.005095004008440096,0.0
2018-05-04,0.012946439569337498,0.020014739496038825,0.002092067418605348,0.0
2018-05-07,0.003383296185371476,0.0008656131760331753,0.0002408766587147504,0.0
2018-05-08,0.0,-0.006342752373995397,0.00016052535213439967,0.0
2018-05-09,0.009665766680939214,0.02625848724123392,-0.0020868008225221057,0.0
2018-05-10,0.009350608585053433,0.0038026988821828756,0.0068366320405601755,-0.013893985569884193
2018-05-11,0.003051309180819084,-0.006886468788215638,-0.0014379318160805399,0.0
2018-05-14,0.00047647014808260835,0.0029778656141448145,-0.004080017089843735,0.0
2018-05-15,-0.006886969034910928,0.0038173265352294816,-0.01614583132241265,0.0
2018-05-16,0.0042050317417701155,0.0029577336238502117,-0.0015512935679184991,0.0
2018-05-17,-0.000844771073316597,0.0010953661618637867,0.0005724073456552237,0.0
2018-05-18,-0.0024999932684289794,-0.0071260025884642975,0.0004086552101045804,0.0
2018-05-21,0.007518551748346924,0.019779579701531436,0.0005718461950008358,0.0
2018-05-22,-0.0027801506354023786,-0.0030479130182424763,-0.0005715193738216051,0.0
2018-05-23,0.0027511831565258937,-0.008393553129903086,0.001061982268841355,0.0
2018-05-24,-0.0020485718049536583,-0.01451875439625594,0.00856859323093273,0.0
2018-05-25,-0.0023826756802410864,-0.04163821771128606,-0.003074660285441455,0.04688695752437111
2018-05-29,-0.011501028671722202,-0.01946823233103334,-0.000162297242228715,0.0
2018-05-30,0.013344719665824512,0.02860171540152323,0.001461160009810003,0.0
2018-05-31,-0.006125905138810728,-0.016330743292114036,-0.00218857312515075,0.003258076402168797
2018-06-01,0.009817685237101914,-0.02034096353629178,-0.004955325896935703,0.0
2018-06-04,0.004751417265966396,-0.014488569230856618,-0.000979631964080463,0.0
2018-06-05,0.0007275817077920799,0.007962650821883077,0.003922495029546447,0.0
2018-06-06,0.008360551588295184,-0.004149688984024236,0.0005697980927446,0.0
2018-06-07,-0.00010814268189229814,0.015510472976553169,-0.00048810250152531154,0.0
2018-06-08,0.0029563663649787575,-0.005167161137626275,0.0012209142530825723,0.0
2018-06-11,0.0013300086773082587,0.004323221583517389,0.0017884823744616085,0.0
2018-06-12,0.0012924176920445785,0.00471535193314776,-0.0033271415316106223,0.0
2018-06-13,-0.003190931469921554,0.008281213295854073,0.003012561044629436,0.0
2018-06-14,0.002517757832265266,0.0006006286804527416,0.0015422908372948463,0.0
2018-06-15,-0.005740343846913909,-0.03361344177037673,-0.01653429211330959,0.0
2018-06-18,-0.002056822841899675,0.01785710715782174,-0.0018954650937899054,0.0
2018-06-19,-0.0038327942144603666,-0.012433265528615234,-0.0025596363391253707,0.0
2018-06-20,0.0017059935415721927,0.011508470921992586,-0.004470206141435118,0.0
2018-06-21,-0.006268837115178227,-0.0030543648988421435,-0.001746208886931222,0.0
2018-06-22,0.0018232206016806085,0.04995409857907207,0.0024156041546103957,0.0
2018-06-25,-0.01361283528904722,-0.009935724626741638,-0.0037393797734436296,0.0
2018-06-26,0.0022140446624192567,0.036074285132468464,-0.0052547940330739396,0.0
2018-06-27,-0.008284241345497101,0.028076477335245986,-0.005701830395735019,0.0
2018-06-28,0.005717499573139051,0.010652740873617006,-0.00303593021413906,0.00824386313060188
2018-06-29,0.001439640111376983,0.015304127938987389,0.003637288959023266,0.0
2018-07-02,0.002137962897653445,-0.005204256290881837,-0.010029518972628937,0.0
2018-07-03,-0.0035311980681403954,-0.005204339306119965,0.01013112932642235,0.0
2018-07-05,0.008157960520008833,-0.010218022417322725,0.003371272825408722,0.0
2018-07-06,0.008458233679000449,0.011011689631971633,-0.0015959885471287238,0.0
2018-07-09,0.009004358245014332,0.006943515277389123,0.0024398528860691826,0.0
2018-07-10,0.003598416775685509,0.00013519842254328118,-0.001846422307055895,0.0
2018-07-11,-0.007314480421534264,-0.04542381683367358,-0.010846724226159843,0.0
2018-07-12,0.00906598966418981,-0.0026908446048383716,0.004165231777556899,0.0
2018-07-13,0.0007874905127547294,0.007597298617890047,-0.004401901762097649,0.0
2018-07-16,-0.0008941664697397211,-0.03255583776233095,-0.0005101399394812356,0.0
2018-07-17,0.004045267049569423,-0.004588806535194001,-0.01080394929383155,0.0
2018-07-18,0.002103598728287359,0.01112245496111619,0.00025798744076199753,0.0
2018-07-19,-0.0037714280502431086,0.004240876132557192,-0.004298856594405098,0.0
2018-07-20,-0.0011428833007812722,0.0006053329503039606,0.006476124823511453,0.0
2018-07-23,0.0018593376175206622,-0.0033849427843498647,-0.004804371742649027,0.0
2018-07-24,0.005032023851196277,0.0070096921509323895,0.0003448354786839136,0.0
2018-07-25,0.00852251176770702,0.014452802088050554,0.005515334234738045,0.0
2018-07-26,-0.0023591190616389923,0.0017826242706480144,-0.0077991400388178755,-0.0635778457206394
2018-07-27,-0.006776250917525317,-0.009433978782066532,0.0005183138095208317,0.0
2018-07-30,-0.005223513433882387,0.0161249006079367,-0.0015540041641225466,0.0
2018-07-31,0.004929359903774078,-0.016851176708139626,0.002939873181190933,0.0
2018-08-01,-0.0016706403267907621,-0.01955188875695968,-0.007328204929526905,0.0
2018-08-02,0.0054476585369034325,0.0255021817209089,-0.005384772884042377,0.001481710265082814
2018-08-03,0.004284823797982007,-0.012476535302715308,0.003492853105171001,0.0
2018-08-06,0.003667166863678739,0.009155810527879948,-0.0051339744804317355,0.0
2018-08-07,0.0033023182808260554,0.005839608304858412,0.0022740706959851753,0.0
2018-08-08,-0.00042018041469837897,-0.033758140651030666,0.002792628802213759,0.0
2018-08-09,-0.00136616038160553,-0.0007767227206804117,-0.0014794690881722028,0.0
2018-08-10,-0.006700121419427552,0.011351834053417997,-0.0004357279352805721,0.0
2018-08-13,-0.0037434579209096874,-0.003059884321851114,-0.01508416880379293,0.0
2018-08-14,0.006380672648083063,-0.004858473084808246,0.0009738014451408095,0.0
2018-08-15,-0.007467401066449053,-0.029044605450212813,-0.016626844065553037,0.0
2018-08-16,0.008091414540329689,0.0071207922395533085,-0.0008094609704913935,0.05363283159395893
2018-08-17,0.003520383047928899,0.004364865615212876,0.009270916232611892,0.0
2018-08-20,0.0021399560596544465,0.0020836343579382355,0.0049942495470025605,0.0
2018-08-21,0.0023453035973821645,0.006832022155046191,0.002928336094692563,0.0
2018-08-22,-0.000593640121290151,0.034931435400872735,0.002211997942183075,0.0
2018-08-23,-0.001327899028485957,0.0,-0.009446452957847074,0.0070210323921164886
2018-08-24,0.006018409214025189,0.008295544701053759,0.01746886601762876,0.0
2018-08-27,0.007895339071924301,0.004057160332890941,0.00376657902932398,0.0
2018-08-28,0.0004831756816456867,0.0,-0.007941321771505638,0.0
2018-08-29,0.005380786031808693,0.006237008609747852,0.004574213948543848,0.0
2018-08-30,-0.004048384619467882,0.013991938402805548,-0.004903656511020316,-0.02614539942853633
2018-08-31,3.448076488421492e-05,-0.0054781330328914635,-0.0011439392301669793,0.0
2018-09-04,-0.001722296869569817,-0.011183142037435645,-0.005109698001402485,0.0
2018-09-05,-0.0026914143261713708,-0.004209484514451023,0.0034534613352918964,-0.023267702204311735
2018-09-06,-0.0030100512779360766,-0.0142601633194267,0.0019414156485668688,0.0
2018-09-07,-0.0019433563002393406,-0.0011435775717015817,-0.0027302937827557994,0.0
2018-09-10,0.0017385256932853643,-0.003363143474240604,-0.000706542689065337,0.0
2018-09-11,0.003297402531507787,0.029149854288730292,0.0006186451072049959,0.0
2018-09-12,0.0002421979836542132,0.014078439481665317,0.008390716640166218,0.0
2018-09-13,0.005914469714849879,-0.02578459588774118,-0.003591101333891067,0.0
2018-09-14,0.00017198470878598826,0.004194591041684292,-0.006504970809317334,0.0
2018-09-17,-0.005294308715177221,-0.0017580109407914213,0.005220350246058381,0.0
2018-09-18,0.005426167637001322,0.014976665030115077,-0.0014963310274801467,0.01439788549936738
2018-09-19,0.0010656132642101745,0.012493080599048856,0.0038786565809445506,0.0
2018-09-20,0.008103788687831015,-0.005237233018756338,0.0034246522572403126,0.0
2018-09-21,-0.005415888039422723,0.008159029843561427,-0.006825928084458366,0.0
2018-09-24,-0.0033220358681629314,0.021421754347447974,-0.00017619740455376842,0.0
2018-09-25,-0.0009277335711094237,0.0020878417536569494,0.0015863250483771907,0.06270968529485876
2018-09-26,-0.0029922445990971935,-0.010764866603668377,-0.005279352979018381,0.0
2018-09-27,0.0027942512244720774,0.00904585187024054,-0.008845643281780058,-0.004613856855292586
2018-09-28,0.00010319852435558552,0.012885200706798772,0.006336448595585464,0.0
2018-10-01,0.0034741667631537076,0.032364581242184,-0.001685016298391906,0.0
2018-10-02,-0.0005827766130730438,-0.005118357205393775,0.011548397044346626,0.0
2018-10-03,0.0005487846873686308,0.01697748782807995,-0.003951915050342092,0.0
2018-10-04,-0.007815709480859079,-0.0256987304625369,0.0005290529796950771,0.046596725279362206
2018-10-05,-0.005596998008302045,-0.00023365874310787849,0.002819877382429281,0.0
2018-10-08,0.0,-0.0023370716119379686,-0.011072074713894375,0.03286712814127868
2018-10-09,-0.0014592919777853819,0.009409156315957512,0.0005331220730910857,0.0
2018-10-10,-0.031663209104984436,-0.028144845673282015,0.00248666770063255,0.00902725567105822
2018-10-11,-0.022026498864939015,-0.027593550034247794,0.025691013434101517,-0.021963732134017255
2018-10-12,0.013888373416642175,0.010109143017581701,-0.004750349180877911,0.0
2018-10-15,-0.005617025700234368,0.00025664106245404383,0.006682258271583086,0.0
2018-10-16,0.021865889699193897,0.00503640728253818,-0.0017241116227775244,0.0
2018-10-17,0.00017838199584740977,-0.02429029686674289,-8.63742311474347e-05,0.0329765254972223
2018-10-18,-0.014441141502098076,-0.015132530202751515,0.001122698440194414,-0.02678767176272634
2018-10-19,-0.0005426696808847886,0.0,0.0007764317521294917,0.0
2018-10-22,-0.004488652432126705,0.002782250158648969,-0.002586010225269386,0.0
2018-10-23,-0.005090812568079417,-0.035914995143873196,0.005876763551604158,-0.016151025915818074
2018-10-24,-0.03029852151299206,-0.0027332163990777536,0.0023198236435848507,0.0
2018-10-25,0.017940521320091163,0.013051066383809706,-0.002228717024418514,-0.0009248766595917335
2018-10-26,-0.017587382390990447,0.004151131577021738,0.0031786521678458524,0.0
2018-10-29,-0.005540275487492807,-0.014397695520402043,-0.003939360261170033,0.0
2018-10-30,0.01481847903879685,-0.00520686311704599,-0.0043847864976440665,0.0
2018-10-31,0.010680867858550824,-0.015992971816621404,-0.005613139108367582,0.0
2018-11-01,0.010641853567048498,-0.02585700169619598,0.01285276342099273,0.00925715191747467
2018-11-02,-0.005922982923278419,-0.008129809641946872,0.00017151910256396619,0.0
2018-11-05,0.0055169366993470526,-0.002966651295643108,-0.0024003324100665413,0.0
2018-11-06,0.006327884619248714,-0.0105827864271959,-0.002835798085983776,0.0
2018-11-07,0.02140889340278096,-0.00821585000452374,-8.619558903444346e-05,0.0
2018-11-08,-0.0018149167214732698,-0.01562987001081717,-0.0021546152083956605,0.07177255272434646
2018-11-09,-0.009768236129679142,-0.008510612201231949,-0.011228151978489587,0.05198965347059503
2018-11-12,-0.018685203985215892,-0.020482371900604313,-0.007162820324765118,0.0
2018-11-13,-0.0018711147665574357,-0.06335319472715462,0.0003518677181439944,0.07504581205652294
2018-11-14,-0.006836673411209304,0.019898733073071773,0.008267391966898296,0.20866437101661472
2018-11-15,0.010436627236270812,0.005818914986943868,0.0011339606953078007,-0.15745809445450842
2018-11-16,0.0026006226695023393,0.003403093656596967,0.00740616997802257,0.05926060780604803
2018-11-19,-0.016914494929252566,0.008139789219695714,0.0004324115306661991,0.11346897875764905
2018-11-20,-0.018506171956058748,-0.07047941743895703,0.0,0.0
2018-11-21,0.003407518980473423,0.02062972188295964,0.0016426250921932617,-0.06205705366586145
2018-11-23,-0.006678700049227437,-0.05679079961281497,-0.0007768338236752159,0.0
2018-11-26,0.01614434947768273,0.008139585642770175,-0.0011228924348919422,0.0
2018-11-27,0.0033644631644276224,0.002591885179246578,-0.00596681464067883,0.0
2018-11-28,0.02302530855557583,-0.02843649935612047,0.0037407596049732206,0.026364394877223418
2018-11-29,-0.0021850667028844306,0.019008405076453627,0.0031201301691909933,-0.04188477754141884
2018-11-30,0.006095272805283436,-0.013450296221643399,-0.0017279847238081958,0.0
2018-12-03,0.013241407499740676,0.05169756736504172,0.007529883500850154,0.0
2018-12-04,-0.03240239236844167,-0.0056488868590924834,0.00609912432039339,0.02168716577836216
2018-12-06,-0.0015171273343547176,-0.023124604788219427,0.0001707363609755319,-0.04596356202303531
2018-12-07,-0.023235951299897972,0.015470677846491254,0.00810992789134457,0.0
2018-12-10,0.0018970291994755417,-0.030763611652891987,-0.003471894702593792,0.04139801833567458
2018-12-11,0.00022720322993774467,0.01700635581224552,-0.001189661703648759,-0.030920398140852456
2018-12-12,0.005035348304543108,-0.011526598086364914,0.0021269354947484054,-0.052304496349697915
2018-12-13,-0.0003390203450144291,0.03677259494703344,-0.002207336227265433,0.007913232965072625
2018-12-14,-0.018464762356876663,-0.0355228304797327,-0.0039989894119348834,0.0
2018-12-17,-0.019618384406662304,-0.03409951576953818,0.0069195729103175285,-0.13910292909608712
2018-12-18,-0.001096486445127054,-0.06221957798375721,0.0023754880187698557,0.0
2018-12-19,-0.014975722505870204,0.02140183576352017,-0.006093958623821227,0.0
2018-12-20,-0.01627794486710199,-0.02848769150581465,0.015413416962360094,0.04743512135561323
2018-12-21,-0.026176321028577143,-0.014902485749854644,-0.004360924625816387,-0.009089630738508325
2018-12-24,-0.026422935982500895,-0.03029857234965483,0.010950096100037499,0.0
2018-12-26,0.050524863544073595,0.06703237261411399,-0.002999441684935489,-0.05900420931038752
2018-12-27,0.0076773690172566855,-0.030433840436536963,0.007604847107346435,0.01761596135649368
2018-12-28,-0.001289987966181294,-0.00975609805430222,0.004064011487183938,0.0
2018-12-31,0.008758822074451222,0.01642744298354426,0.0015694898830167503,0.0
2019-01-02,0.0010403109344623296,0.01725775371581717,0.0006598089159148834,-0.12791000296554622
2019-01-03,-0.023862763357143546,0.010895663869510352,0.009066170423806419,0.0
2019-01-04,0.03349573093196567,0.023953930037370563,-0.00808623590052937,0.0024112923516144136
2019-01-07,0.007884644787735207,0.009345420727621567,0.003458482876331992,-0.013582182916567098
2019-01-08,0.009395330155608672,0.020540074487490845,-0.00270804061547536,0.0038918406746069056
2019-01-09,0.004673490899932853,0.05082177847275737,0.006418158373500793,0.0026990040472893995
2019-01-10,0.003527556141424526,0.007210211667568078,-0.005886691481276518,-0.012259566310397374
2019-01-11,0.0003863029265658291,-0.018171802118879476,0.001727170986037363,0.0
2019-01-14,-0.0061009229392887665,-0.02075155384373184,0.002380897199235621,0.16085717231572283
2019-01-15,0.011460809156886187,0.03188245444967008,-0.0017200351443329431,-0.019100269433642292
2019-01-16,0.0024198381718569806,0.0029601837900603556,0.003199863787636481,-0.01631747230562064
2019-01-17,0.0075867131021529755,0.0005533633204473087,-0.001308546962521917,0.0008183210084575787
2019-01-18,0.013310009559374114,0.023414516386530693,-0.008926410300850951,0.004751384587577734
2019-01-22,-0.013510493953920788,-0.015492697502364594,0.0035531343340227117,-0.06125590757869126
2019-01-23,0.002092438336748881,-0.00838064186031573,-0.0013997379433262624,-0.010590432546267459
2019-01-24,0.0005314305793751029,0.011367029990446031,-0.0015666428373899421,0.024036169703618437
2019-01-25,0.00846143460298654,0.006604883509071735,0.01461726258147622,0.016303259037466322
2019-01-28,-0.007600229599478925,-0.02628239545278699,0.0034999210730881636,-0.10212074695081597
2019-01-29,-0.0013269869978645987,0.0227103007562377,0.005596580714432919,0.050278793859594106
2019-01-30,0.015830768961627273,0.018383660889102593,0.005726722578225818,-0.010978714129291078
2019-01-31,0.008782443461558875,-0.006434276368690983,0.00048117377030232333,-0.013076662491088853
2019-02-01,0.0004816244446339546,0.027163162884279002,-0.002004008016032066,-0.030825843831931543
2019-02-04,0.007035451061470743,-0.012434343031137662,-0.004337356751223598,-0.027725393179625857
2019-02-05,0.004191846904899599,-0.017910947552140066,0.002581475453272253,0.007214290239032195
2019-02-06,-0.0013182565400755575,0.004875397235136747,-0.006758902044908588,-0.0035682928062743535
2019-02-07,-0.009532799292480854,-0.02515720845392433,0.002430293392984062,-0.037561760613861406
2019-02-08,0.0012215390329901599,0.0009215921526231075,0.0037982966608789415,0.012927804004541077
2019-02-11,0.0005545675890390456,-0.006077346853379573,-0.004911042708701019,0.013915625601224502
2019-02-12,0.012859400817079925,0.014786016557744475,0.002103577179937588,0.006769814309024236
2019-02-13,0.0032469321818375807,0.016688604124683204,-0.003956062177902009,-0.01738853099833626
2019-02-14,-0.002218209292064066,0.009356650928523003,0.005592889654295163,-0.011708404947920026
2019-02-15,0.01089725993573043,0.022970362248796894,0.005964900110646543,0.016769871537845704
2019-02-19,0.001730580072748289,0.007409412636225854,0.015224309695700766,0.01199755841512129
2019-02-20,0.002015467145194627,0.010842612119304151,-0.0017363346220005127,-0.004153329131103001
2019-02-21,-0.003555871633034058,-0.005773062073366808,-0.011306137470128319,0.01705205172900426
2019-02-22,0.006199989681534568,0.007558782200023817,0.0035985360836492397,0.0004931483955896709
2019-02-25,0.0013612321605447342,-0.031543043478119426,-0.0010358346885893654,0.028353485452168092
2019-02-26,-0.0007154468278236514,0.004225381790847527,0.001675034536747555,-0.012461518149884276
2019-02-27,-0.0004295972864135633,0.02429871540704842,-0.0070871108191714605,0.011469329873978085
2019-02-28,-0.001862534056282228,0.0035600784146017084,-0.005613959130088775,-0.0018688615811229825
2019-03-01,0.00624379502541994,-0.024542060584847314,-0.017017506627186707,0.014624470487901498
2019-03-04,-0.0036374705171065003,0.013724939787793877,-0.0026255308667169075,0.0006482920809338655
2019-03-05,-0.0013600747713448103,-0.0006898430804371802,0.0013162525939691694,0.0
2019-03-06,-0.00605692247132672,-0.0056955456546877725,-0.0009037184460104486,-0.0004984289458783708
2019-03-07,-0.008365401936209604,0.006543950421517897,-0.0008222882461903502,0.004712469096594729
2019-03-08,-0.001999993785737564,-0.007484403723288513,0.010945553273622899,0.0001488163561671474
2019-03-11,0.014501242841361561,0.011589314400253459,-0.004884390198699684,-0.027541979229955826
2019-03-12,0.00377096603850835,0.0018722123925407619,0.006053709964792153,0.0
2019-03-13,0.0066192213251152765,0.025664791712684876,0.006992949727453013,0.017146281059627677
2019-03-14,-0.0006397692405066824,0.002908398904484466,-0.011547098821608426,0.005543866149517296
2019-03-15,0.0005334823393465804,-0.002499977747599247,0.004574769560006908,0.0
2019-03-18,0.0036258541200955285,0.009523756409117512,0.0005692420438265788,7.489501850099778e-05
2019-03-19,0.0002479627653750871,-0.002416385394292675,0.002763299214570525,0.0031680028288594286
2019-03-20,-0.0030099366922338167,0.017005667712047146,0.006484057947534483,0.0
2019-03-21,0.011294701940096408,-0.004600425722182777,-0.004026413261163153,-0.012383466287286926
2019-03-22,-0.0192463413580638,-0.015438264758765752,0.002344768069306058,-0.018631766784903636
2019-03-25,-0.0007519837245412164,0.0009487531234519953,0.007663119616744263,0.0009236035866393433
2019-03-26,0.007454080090922854,0.0181600486067508,-0.004963137418149799,0.0
2019-03-27,-0.005229088098448242,-0.010731017150608202,-0.005229296137734152,-0.016943052055025998
2019-03-28,0.003790443703660884,0.0003631762721265641,-0.014152850613865509,-0.00338968147895502
2019-03-29,0.0063055095476829415,0.011899876865531178,0.0009023839948698598,0.0
2019-04-01,0.011859159783520479,0.025281313311098508,-0.003934131206699276,-0.005049468704951154
2019-04-02,0.0004898529021275522,0.01686293783434456,0.0037028271386223555,-0.004470224616649476
2019-04-03,0.0015736343151739884,-0.0026596054187557616,-0.0014756542074283452,-0.00631295650868402
2019-04-04,0.002653373411137805,-0.005254932478362395,0.00254513588527594,-0.012573088415295364
2019-04-05,0.004840221059573491,0.018371107975892143,-0.0010645913747292512,0.010471907440061434
2019-04-08,0.0007623842226123223,0.01811700570491559,0.004344964459018774,0.015425255519984749
2019-04-09,-0.005124869083197203,-0.005323170863486437,0.0052240582686200465,-0.0020727371610146372
2019-04-10,0.003410988112685809,0.006269096271089625,0.003085645543724258,0.0
2019-04-11,-0.00027755762417025487,-0.010940590841900577,-0.012790430232882732,-0.010752981498477254
2019-04-12,0.006765942419922011,0.0025657195025303725,-0.0009839698252590567,0.0
2019-04-15,-0.0006548195444177063,-0.004091518068362721,-0.0018879040751599296,0.0
2019-04-16,0.000655248614016557,0.010278522349237651,-0.008963785785923273,0.0
2019-04-17,-0.0024468963541401934,-0.007158367116378628,-0.0019085831288392363,-0.058123165240763774
2019-04-18,0.001969171817594928,0.003620313901469885,0.0007482870651696061,-0.005784368631519321
2019-04-22,0.0008620095492390956,0.026381797566209286,0.0,0.009621135122237057
2019-04-23,0.008991683494423253,0.008562901601263828,-0.002076929420084306,-0.02409069057985136
2019-04-24,-0.002219318101775003,-0.008637846105622238,0.0029137401441747812,0.0013826176513345168
2019-04-25,-0.0006160325311961312,-0.011483508245823781,0.0008300695036758121,0.013605625803484012
2019-04-26,0.004656791391837833,-0.03162619656534127,0.006635175033447016,0.0169987756334824
2019-04-29,0.0015677429172040735,0.010424756773728783,-0.004449212353194509,0.0
2019-04-30,0.0005104090209160361,0.0050354268570049765,0.0030621129817147708,-0.008259659554492482
2019-05-01,-0.007516466694974855,-0.004780353318455499,-0.0066006224629272525,0.012914651502759611
2019-05-02,-0.002158955786585093,-0.031175408167242957,-0.0038205903541769226,-0.011361122131347656
